Workbook

Sheet Old Master
A1: Master SKU | B1: Website SKU | C1: ASIN | D1: Flex-1 | E1: Flex-2 | F1: SS | G1: Flipkart | H1: Myntra SKU | I1: Style I'd | J1: PPF | K1: PRODUCT | L1: CATEGORY | M1: MRP | N1: 16TH TO 31ST SP | O1: New BAU 24 April | P1: May Art Event
A2: SC-ORIG-S-72x30x6 | B2: SC-ORIG-S-72x30x6 | C2: B0BB7575JC | D2: SC-ASF-ORIG-S-72x30x6 | E2: #N/A | F2: SC-A-ORIG-S-72x30x6 | G2: SC-F-ORIG-S-72x30x6 | H2: SC-M-ORIG-S-72x30x6 | I2: 32783978 | J2: FU2187448-S-PM41515-72x30 | K2: =VLOOKUP(A2,Sheet4!$A:$H,7,0) -> Original Mattress | L2: =VLOOKUP(B2,Sheet4!$A:$H,8,0) -> Mattress | M2: 9399 | N2: 7613 | O2: 8199 | P2: 7143.24
A3: SC-ORIG-S-72x36x6 | B3: SC-ORIG-S-72x36x6 | C3: B078BRGTDM | D3: SC-ASF-72x36x6 | E3: #N/A | F3: W0-WYJN-N8R9 | G3: SC72366 | H3: SC-M-ORIG-S-72x36x6 | I3: 32783812 | J3: FU1844872-S-PM41515-72x36 | K3: =VLOOKUP(A3,Sheet4!$A:$H,7,0) -> Original Mattress | L3: =VLOOKUP(B3,Sheet4!$A:$H,8,0) -> Mattress | M3: 10399 | N3: 8423 | O3: 8999 | P3: 7903.24
A4: SC-ORIG-S-75x36x6 | B4: SC-ORIG-S-75x36x6 | C4: B077Q9YRMV | D4: SC-ASF-75x36x6 | E4: #N/A | F4: HA-T4WU-6XBG | G4: SC75366 | H4: SC-M-ORIG-S-75x36x6 | I4: 32783953 | J4: FU1844872-S-PM41515-75x36 | K4: =VLOOKUP(A4,Sheet4!$A:$H,7,0) -> Original Mattress | L4: =VLOOKUP(B4,Sheet4!$A:$H,8,0) -> Mattress | M4: 10599 | N4: 8585 | O4: 9199 | P4: 8055.24
A5: SC-ORIG-S-78x36x6 | B5: SC-ORIG-S-78x36x6 | C5: B0732Y4N38 | D5: SC-ASF-78x36x6 | E5: #N/A | F5: SC198/91 | G5: SC78366 | H5: SC-M-ORIG-S-78x36x6 | I5: 32784166 | J5: FU1844872-S-PM41515-78x36 | K5: =VLOOKUP(A5,Sheet4!$A:$H,7,0) -> Original Mattress | L5: =VLOOKUP(B5,Sheet4!$A:$H,8,0) -> Mattress | M5: 10999 | N5: 8909 | O5: 9599 | P5: 8359.24
A6: SC-ORIG-S-75x42x6 | B6: SC-ORIG-S-75x42x6 | C6: B0BB74H71K | D6: SC-ASF-ORIG-S-75x42x6 | E6: #N/A | F6: SC-A-ORIG-S-75x42x6 | G6: SC75426 | H6: SC-M-ORIG-S-75x42x6 | I6: 32784038 | J6: #N/A | K6: =VLOOKUP(A6,Sheet4!$A:$H,7,0) -> Original Mattress | L6: =VLOOKUP(B6,Sheet4!$A:$H,8,0) -> Mattress | M6: 12399 | N6: 10043 | O6: 10799 | P6: 9423.24
A7: SC-ORIG-S-84x36x6 | B7: SC-ORIG-S-84x36x6 | C7: #N/A | D7: #N/A | E7: #N/A | F7: #N/A | G7: 0 | H7: #N/A | I7: #N/A | J7: #N/A | K7: Original Mattress | L7: Mattress | M7: =VLOOKUP(A7,#REF!,2,FALSE) -> #REF! | N7: =VLOOKUP(A7, Sheet2!A:M, 3, FALSE) -> #N/A | O7: #N/A | P7: #N/A
A8: SC-ORIG-S-72x30x8 | B8: SC-ORIG-S-72x30x8 | C8: B0BB72XRJ6 | D8: SC-ASF-ORIG-S-72x30x8 | E8: #N/A | F8: SC-A-ORIG-S-72x30x8 | G8: SC-F-ORIG-S-72x30x8 | H8: SC-M-ORIG-S-72x30x8 | I8: 32788739 | J8: FU1982572-S-PM41515-72x30 | K8: =VLOOKUP(A8,Sheet4!$A:$H,7,0) -> Original Mattress | L8: =VLOOKUP(B8,Sheet4!$A:$H,8,0) -> Mattress | M8: 10399 | N8: 8423 | O8: 8999 | P8: 7903.24
A9: SC-ORIG-S-72x36x8 | B9: SC-ORIG-S-72x36x8 | C9: B07PXG7NPX | D9: SC-ASF-72x36x8 | E9: #N/A | F9: SC 72x36x8 | G9: SCP72368 | H9: SC-M-ORIG-S-72x36x8 | I9: 32783902 | J9: FU1982572-S-PM41515-72x36 | K9: =VLOOKUP(A9,Sheet4!$A:$H,7,0) -> Original Mattress | L9: =VLOOKUP(B9,Sheet4!$A:$H,8,0) -> Mattress | M9: 11599 | N9: 9395 | O9: 10099 | P9: 8815.24
A10: SC-ORIG-S-75x36x8 | B10: SC-ORIG-S-75x36x8 | C10: B07NLFV79S | D10: SC-ASF-75x36x8 | E10: #N/A | F10: SC 75x36x8 | G10: SCP75368 | H10: SC-M-ORIG-S-75x36x8 | I10: 32783867 | J10: FU1982572-S-PM41515-75x36 | K10: =VLOOKUP(A10,Sheet4!$A:$H,7,0) -> Original Mattress | L10: =VLOOKUP(B10,Sheet4!$A:$H,8,0) -> Mattress | M10: 11999 | N10: 9719 | O10: 10399 | P10: 9119.24
A11: SC-ORIG-S-78x36x8 | B11: SC-ORIG-S-78x36x8 | C11: B07PYHX5P7 | D11: SC-ASF-78x36x8 | E11: #N/A | F11: SC 78x36x8 | G11: SCP78368 | H11: SC-M-ORIG-S-78x36x8 | I11: 32783928 | J11: FU1982572-S-PM41515-78x36 | K11: =VLOOKUP(A11,Sheet4!$A:$H,7,0) -> Original Mattress | L11: =VLOOKUP(B11,Sheet4!$A:$H,8,0) -> Mattress | M11: 12299 | N11: 9962 | O11: 10699 | P11: 9347.24
A12: SC-ORIG-S-84x36x8 | B12: SC-ORIG-S-84x36x8 | C12: B0FWLNLVRL | D12: SC-ASF-ORIG-S-84x36x8 | E12: #N/A | F12: 0 | G12: SC-F-ORIG-S-84x36x8 | H12: SC-M-ORIG-S-84x36x8 | I12: #N/A | J12: #N/A | K12: =VLOOKUP(A12,Sheet4!$A:$H,7,0) -> Original Mattress | L12: =VLOOKUP(B12,Sheet4!$A:$H,8,0) -> Mattress | M12: 16999 | N12: 13769 | O12: 14799 | P12: 12919.24
A13: SC-ORIG-S-72x36x10 | B13: SC-ORIG-S-72x36x10 | C13: B09BFCJDVZ | D13: SC-ASF-72x36x10 | E13: #N/A | F13: SC-A-72x36x10 | G13: SC-F-72x36x10 | H13: SC-M-ORIG-S-72x36x10 | I13: 32784050 | J13: FU1982569-S-PM41515-72x36 | K13: =VLOOKUP(A13,Sheet4!$A:$H,7,0) -> Original Mattress | L13: =VLOOKUP(B13,Sheet4!$A:$H,8,0) -> Mattress | M13: 12999 | N13: 10529 | O13: 11299 | P13: 9879.24
A14: SC-ORIG-S-75x36x10 | B14: SC-ORIG-S-75x36x10 | C14: B09BFD48NW | D14: SC-ASF-75x36x10 | E14: #N/A | F14: SC-A-75x36x10 | G14: SC-F-75x36x10 | H14: SC-M-ORIG-S-75x36x10 | I14: 32783936 | J14: FU1982569-S-PM41515-75x36 | K14: =VLOOKUP(A14,Sheet4!$A:$H,7,0) -> Original Mattress | L14: =VLOOKUP(B14,Sheet4!$A:$H,8,0) -> Mattress | M14: 13499 | N14: 10934 | O14: 11699 | P14: 10259.24
A15: SC-ORIG-S-78x36x10 | B15: SC-ORIG-S-78x36x10 | C15: B09BFC77HD | D15: SC-ASF-78x36x10 | E15: #N/A | F15: SC-A-78x36x10 | G15: SC-F-78x36x10 | H15: SC-M-ORIG-S-78x36x10 | I15: 32784121 | J15: FU1982569-S-PM41515-78x36 | K15: =VLOOKUP(A15,Sheet4!$A:$H,7,0) -> Original Mattress | L15: =VLOOKUP(B15,Sheet4!$A:$H,8,0) -> Mattress | M15: 13999 | N15: 11339 | O15: 12199 | P15: 10639.24
A16: SC-ORIG-S-84x36x10 | B16: SC-ORIG-S-84x36x10 | C16: B0FWM2HPQ5 | D16: SC-ASF-ORIG-S-84X36X10 | E16: #N/A | F16: 0 | G16: SC-F-ORIG-S-84X36X10 | H16: SC-M-ORIG-S-84x36x10 | I16: #N/A | J16: #N/A | K16: =VLOOKUP(A16,Sheet4!$A:$H,7,0) -> Original Mattress | L16: =VLOOKUP(B16,Sheet4!$A:$H,8,0) -> Mattress | M16: 17999 | N16: 14579 | O16: 15699 | P16: 13679.24
A17: SC-ORIG-S-72x30x5 | B17: SC-ORIG-S-72x30x5 | C17: B0G256TW3Q | D17: SC-ASF-ORIG-S-72x30x5 | E17: #N/A | F17: 0 | G17: SC-F-ORIG-S-72x30x5 | H17: SC-M-ORIG-S-72x30x5 | I17: #N/A | J17: #N/A | K17: =VLOOKUP(A17,Sheet4!$A:$H,7,0) -> Original Mattress | L17: =VLOOKUP(B17,Sheet4!$A:$H,8,0) -> Mattress | M17: 9019 | N17: 7305 | O17: 7799 | P17: 6854.44
A18: SC-ORIG-S-72x36x5 | B18: SC-ORIG-S-72x36x5 | C18: B0G255BCC2 | D18: SC-ASF-ORIG-S-72x36x5 | E18: #N/A | F18: 0 | G18: SC-F-ORIG-S-72x36x5 | H18: SC-M-ORIG-S-72x36x5 | I18: #N/A | J18: FU2275237-S-PM41515-72X36 | K18: =VLOOKUP(A18,Sheet4!$A:$H,7,0) -> Original Mattress | L18: =VLOOKUP(B18,Sheet4!$A:$H,8,0) -> Mattress | M18: 9989 | N18: 8091 | O18: 8699 | P18: 7591.64
A19: SC-ORIG-S-75x30x5 | B19: SC-ORIG-S-75x30x5 | C19: B0G256TCF2 | D19: SC-ASF-ORIG-S-75x30x5 | E19: #N/A | F19: 0 | G19: SC-F-ORIG-S-75x30x5 | H19: SC-M-ORIG-S-75x30x5 | I19: #N/A | J19: FU2275237-S-PM41515-75X30 | K19: =VLOOKUP(A19,Sheet4!$A:$H,7,0) -> Original Mattress | L19: =VLOOKUP(B19,Sheet4!$A:$H,8,0) -> Mattress | M19: 9299 | N19: 7532 | O19: 8099 | P19: 7067.24
A20: SC-ORIG-S-78x30x5 | B20: SC-ORIG-S-78x30x5 | C20: B0G256HLCC | D20: SC-ASF-ORIG-S-78x30x5 | E20: #N/A | F20: 0 | G20: SC-F-ORIG-S-78x30x5 | H20: SC-M-ORIG-S-78x30x5 | I20: #N/A | J20: #N/A | K20: =VLOOKUP(A20,Sheet4!$A:$H,7,0) -> Original Mattress | L20: =VLOOKUP(B20,Sheet4!$A:$H,8,0) -> Mattress | M20: 9439 | N20: 7646 | O20: 8199 | P20: 7173.64
A21: SC-ORIG-S-75x36x5 | B21: SC-ORIG-S-75x36x5 | C21: B0G25BBWF1 | D21: SC-ASF-ORIG-S-75x36x5 | E21: #N/A | F21: 0 | G21: SC-F-ORIG-S-75x36x5 | H21: SC-M-ORIG-S-75x36x5 | I21: #N/A | J21: FU2275237-S-PM41515-75X36 | K21: =VLOOKUP(A21,Sheet4!$A:$H,7,0) -> Original Mattress | L21: =VLOOKUP(B21,Sheet4!$A:$H,8,0) -> Mattress | M21: 10269 | N21: 8318 | O21: 8899 | P21: 7804.44
A22: SC-ORIG-S-78x36x5 | B22: SC-ORIG-S-78x36x5 | C22: B0G254P8PK | D22: SC-ASF-ORIG-S-78x36x5 | E22: #N/A | F22: 0 | G22: SC-F-ORIG-S-78x36x5 | H22: SC-M-ORIG-S-78x36x5 | I22: #N/A | J22: FU2275237-S-PM41515-78X36 | K22: =VLOOKUP(A22,Sheet4!$A:$H,7,0) -> Original Mattress | L22: =VLOOKUP(B22,Sheet4!$A:$H,8,0) -> Mattress | M22: 10409 | N22: 8431 | O22: 9099 | P22: 7910.84
A23: SC-ORIG-S-84x36x5 | B23: SC-ORIG-S-84x36x5 | C23: B0G254WDXW | D23: SC-ASF-ORIG-S-84x36x5 | E23: #N/A | F23: 0 | G23: SC-F-ORIG-S-84x36x5 | H23: SC-M-ORIG-S-84x36x5 | I23: #N/A | J23: #N/A | K23: =VLOOKUP(A23,Sheet4!$A:$H,7,0) -> Original Mattress | L23: =VLOOKUP(B23,Sheet4!$A:$H,8,0) -> Mattress | M23: 11099 | N23: 8990 | O23: 9699 | P23: 8435.24
A24: SC-ORIG-S-72x42x5 | B24: SC-ORIG-S-72x42x5 | C24: B0G255Q66K | D24: SC-ASF-ORIG-S-72x42x5 | E24: #N/A | F24: 0 | G24: SC-F-ORIG-S-72x42x5 | H24: SC-M-ORIG-S-72x42x5 | I24: #N/A | J24: #N/A | K24: =VLOOKUP(A24,Sheet4!$A:$H,7,0) -> Original Mattress | L24: =VLOOKUP(B24,Sheet4!$A:$H,8,0) -> Mattress | M24: 11519 | N24: 9330 | O24: 9999 | P24: 8754.44
A25: SC-ORIG-S-75x42x5 | B25: SC-ORIG-S-75x42x5 | C25: B0G253XFRF | D25: SC-ASF-ORIG-S-75x42x5 | E25: #N/A | F25: 0 | G25: SC-F-ORIG-S-75x42x5 | H25: SC-M-ORIG-S-75x42x5 | I25: #N/A | J25: #N/A | K25: =VLOOKUP(A25,Sheet4!$A:$H,7,0) -> Original Mattress | L25: =VLOOKUP(B25,Sheet4!$A:$H,8,0) -> Mattress | M25: 11799 | N25: 9557 | O25: 10299 | P25: 8967.24
A26: SC-ORIG-S-78x42x5 | B26: SC-ORIG-S-78x42x5 | C26: B0G259Y96C | D26: SC-ASF-ORIG-S-78x42x5 | E26: #N/A | F26: 0 | G26: SC-F-ORIG-S-78x42x5 | H26: SC-M-ORIG-S-78x42x5 | I26: #N/A | J26: #N/A | K26: =VLOOKUP(A26,Sheet4!$A:$H,7,0) -> Original Mattress | L26: =VLOOKUP(B26,Sheet4!$A:$H,8,0) -> Mattress | M26: 12079 | N26: 9784 | O26: 10499 | P26: 9180.04
A27: SC-ORIG-S-72x30x4 | B27: SC-ORIG-S-72x30x4 | C27: B0G71J713Y | D27: SC-ASF-ORIG-S-72x30x4 | E27: #N/A | F27: 0 | G27: SC-F-ORIG-S-72x30x4 | H27: SC-M-ORIG-S-72x30x4 | I27: #N/A | J27: FU2289352-S-PM41515-72X30 | K27: =VLOOKUP(A27,Sheet4!$A:$H,7,0) -> Original Mattress | L27: =VLOOKUP(B27,Sheet4!$A:$H,8,0) -> Mattress | M27: 7359 | N27: 5961 | O27: 6399 | P27: 5592.84
A28: SC-ORIG-S-75x30x4 | B28: SC-ORIG-S-75x30x4 | C28: B0G727KTGD | D28: SC-ASF-ORIG-S-75x30x4 | E28: #N/A | F28: 0 | G28: SC-F-ORIG-S-75x30x4 | H28: SC-M-ORIG-S-75x30x4 | I28: #N/A | J28: FU2289352-S-PM41515-75X30 | K28: =VLOOKUP(A28,Sheet4!$A:$H,7,0) -> Original Mattress | L28: =VLOOKUP(B28,Sheet4!$A:$H,8,0) -> Mattress | M28: 7489 | N28: 6066 | O28: 6499 | P28: 5691.64
A29: SC-ORIG-S-78x30x4 | B29: SC-ORIG-S-78x30x4 | C29: B0G719KXZT | D29: SC-ASF-ORIG-S-78x30x4 | E29: #N/A | F29: 0 | G29: SC-F-ORIG-S-78x30x4 | H29: SC-M-ORIG-S-78x30x4 | I29: #N/A | J29: #N/A | K29: =VLOOKUP(A29,Sheet4!$A:$H,7,0) -> Original Mattress | L29: =VLOOKUP(B29,Sheet4!$A:$H,8,0) -> Mattress | M29: 7889 | N29: 6390 | O29: 6899 | P29: 5995.64
A30: SC-ORIG-S-72x36x4 | B30: SC-ORIG-S-72x36x4 | C30: B0G71BGCB3 | D30: SC-ASF-ORIG-S-72x36x4 | E30: #N/A | F30: 0 | G30: SC-F-ORIG-S-72x36x4 | H30: SC-M-ORIG-S-72x36x4 | I30: #N/A | J30: FU2289352-S-PM41515-72X36 | K30: =VLOOKUP(A30,Sheet4!$A:$H,7,0) -> Original Mattress | L30: =VLOOKUP(B30,Sheet4!$A:$H,8,0) -> Mattress | M30: 7889 | N30: 6390 | O30: 6899 | P30: 5995.64
A31: SC-ORIG-S-75x36x4 | B31: SC-ORIG-S-75x36x4 | C31: B0G72BV76Z | D31: SC-ASF-ORIG-S-75x36x4 | E31: #N/A | F31: 0 | G31: SC-F-ORIG-S-75x36x4 | H31: SC-M-ORIG-S-75x36x4 | I31: #N/A | J31: FU2289352-S-PM41515-75X36 | K31: =VLOOKUP(A31,Sheet4!$A:$H,7,0) -> Original Mattress | L31: =VLOOKUP(B31,Sheet4!$A:$H,8,0) -> Mattress | M31: 8149 | N31: 6601 | O31: 7099 | P31: 6193.24
A32: SC-ORIG-S-78x36x4 | B32: SC-ORIG-S-78x36x4 | C32: B0G71TH7GF | D32: SC-ASF-ORIG-S-78x36x4 | E32: #N/A | F32: 0 | G32: SC-F-ORIG-S-78x36x4 | H32: SC-M-ORIG-S-78x36x4 | I32: #N/A | J32: FU2289352-S-PM41515-78X36 | K32: =VLOOKUP(A32,Sheet4!$A:$H,7,0) -> Original Mattress | L32: =VLOOKUP(B32,Sheet4!$A:$H,8,0) -> Mattress | M32: 8279 | N32: 6706 | O32: 7199 | P32: 6292.04
A33: SC-ORIG-S-84x36x4 | B33: SC-ORIG-S-84x36x4 | C33: B0G71SFH65 | D33: SC-ASF-ORIG-S-84x36x4 | E33: #N/A | F33: 0 | G33: SC-F-ORIG-S-84x36x4 | H33: SC-M-ORIG-S-84x36x4 | I33: #N/A | J33: #N/A | K33: =VLOOKUP(A33,Sheet4!$A:$H,7,0) -> Original Mattress | L33: =VLOOKUP(B33,Sheet4!$A:$H,8,0) -> Mattress | M33: 9199 | N33: 7451 | O33: 7999 | P33: 6991.24
A34: SC-ORIG-D-72x48x6 | B34: SC-ORIG-D-72x48x6 | C34: B077Q9YRMY | D34: SC-ASF-72x48x6 | E34: #N/A | F34: KB-OOUO-WLU6 | G34: SC72486 | H34: SC-M-ORIG-D-72x48x6 | I34: 31999090 | J34: FU1844873-S-PM41515-72x48 | K34: =VLOOKUP(A34,Sheet4!$A:$H,7,0) -> Original Mattress | L34: =VLOOKUP(B34,Sheet4!$A:$H,8,0) -> Mattress | M34: 12799 | N34: 10367 | O34: 11099 | P34: 9727.24
A35: SC-ORIG-D-75x48x6 | B35: SC-ORIG-D-75x48x6 | C35: B077Q8RLCP | D35: SC-ASF-75x48x6 | E35: #N/A | F35: ZF-E2HP-QL1S | G35: SC75486 | H35: SC-M-ORIG-D-75x48x6 | I35: 32783919 | J35: FU1844873-S-PM41515-75x48 | K35: =VLOOKUP(A35,Sheet4!$A:$H,7,0) -> Original Mattress | L35: =VLOOKUP(B35,Sheet4!$A:$H,8,0) -> Mattress | M35: 12999 | N35: 10529 | O35: 11299 | P35: 9879.24
A36: SC-ORIG-D-78x48x6 | B36: SC-ORIG-D-78x48x6 | C36: B0732W7MRK | D36: SC-ASF-78x48x6 | E36: #N/A | F36: SC198/121 | G36: SC78486 | H36: SC-M-ORIG-D-78x48x6 | I36: 32784035 | J36: FU1844873-S-PM41515-78x48 | K36: =VLOOKUP(A36,Sheet4!$A:$H,7,0) -> Original Mattress | L36: =VLOOKUP(B36,Sheet4!$A:$H,8,0) -> Mattress | M36: 13399 | N36: 10853 | O36: 11699 | P36: 10183.24
A37: SC-ORIG-D-84x48x6 | B37: SC-ORIG-D-84x48x6 | C37: B0FN9FDV3D | D37: SC-ASF-ORIG-D-84x48x6 | E37: #N/A | F37: 0 | G37: SC-F-ORIG-D-84x48x6 | H37: SC-M-ORIG-D-84x48x6 | I37: #N/A | J37: #REF! | K37: =VLOOKUP(A37,Sheet4!$A:$H,7,0) -> Original Mattress | L37: =VLOOKUP(B37,Sheet4!$A:$H,8,0) -> Mattress | M37: 16999 | N37: 13769 | O37: 14799 | P37: 12919.24
A38: SC-ORIG-D-72x48x8 | B38: SC-ORIG-D-72x48x8 | C38: B07PVC8NR5 | D38: SC-ASF-72x48x8 | E38: #N/A | F38: SC 72x48x8 | G38: SCP72488 | H38: SC-M-ORIG-D-72x48x8 | I38: 32783804 | J38: FU1982573-S-PM41515-72x48 | K38: =VLOOKUP(A38,Sheet4!$A:$H,7,0) -> Original Mattress | L38: =VLOOKUP(B38,Sheet4!$A:$H,8,0) -> Mattress | M38: 14499 | N38: 11744 | O38: 12599 | P38: 11019.24
A39: SC-ORIG-D-75x48x8 | B39: SC-ORIG-D-75x48x8 | C39: B07NLFVP6H | D39: SC-ASF-75x48x8 | E39: #N/A | F39: SC 75x48x8 | G39: SCP75488 | H39: SC-M-ORIG-D-75x48x8 | I39: 32784007 | J39: FU1982573-S-PM41515-75x48 | K39: =VLOOKUP(A39,Sheet4!$A:$H,7,0) -> Original Mattress | L39: =VLOOKUP(B39,Sheet4!$A:$H,8,0) -> Mattress | M39: 14899 | N39: 12068 | O39: 12999 | P39: 11323.24
A40: SC-ORIG-D-78x48x8 | B40: SC-ORIG-D-78x48x8 | C40: B07PW985JH | D40: SC-ASF-78x48x8 | E40: #N/A | F40: SC 78x48x8 | G40: SCP78488 | H40: SC-M-ORIG-D-78x48x8 | I40: 32784189 | J40: FU1982573-S-PM41515-78x48 | K40: =VLOOKUP(A40,Sheet4!$A:$H,7,0) -> Original Mattress | L40: =VLOOKUP(B40,Sheet4!$A:$H,8,0) -> Mattress | M40: 14999 | N40: 12149 | O40: 12999 | P40: 11399.24
A41: SC-ORIG-D-84x48x8 | B41: SC-ORIG-D-84x48x8 | C41: B0G39WGZD6 | D41: SC-ASF-ORIG-D-84x48x8 | E41: #N/A | F41: 0 | G41: SC-F-ORIG-D-84x48x8 | H41: SC-M-ORIG-D-84x48x8 | I41: #N/A | J41: #REF! | K41: =VLOOKUP(A41,Sheet4!$A:$H,7,0) -> Original Mattress | L41: =VLOOKUP(B41,Sheet4!$A:$H,8,0) -> Mattress | M41: 18999 | N41: 15389 | O41: 16499 | P41: 14439.24
A42: SC-ORIG-D-72x48x10 | B42: SC-ORIG-D-72x48x10 | C42: B0BB7KCGYN | D42: SC-ASF-ORIG-D-72x48x10 | E42: #N/A | F42: SC-A-ORIG-D-72x48x10 | G42: SC-F-ORIG-D-72x48x10 | H42: SC-M-ORIG-D-72x48x10 | I42: 32784100 | J42: FU1982570-S-PM41515-72x48 | K42: =VLOOKUP(A42,Sheet4!$A:$H,7,0) -> Original Mattress | L42: =VLOOKUP(B42,Sheet4!$A:$H,8,0) -> Mattress | M42: 16599 | N42: 13445 | O42: 14399 | P42: 12615.24
A43: SC-ORIG-D-75x48x10 | B43: SC-ORIG-D-75x48x10 | C43: B0BB7KQVR2 | D43: SC-ASF-ORIG-D-75x48x10 | E43: #N/A | F43: SC-A-ORIG-D-75x48x10 | G43: SC-F-ORIG-D-75x48x10 | H43: SC-M-ORIG-D-75x48x10 | I43: 32784004 | J43: FU1982570-S-PM41515-75x48 | K43: =VLOOKUP(A43,Sheet4!$A:$H,7,0) -> Original Mattress | L43: =VLOOKUP(B43,Sheet4!$A:$H,8,0) -> Mattress | M43: 16899 | N43: 13688 | O43: 14699 | P43: 12843.24
A44: SC-ORIG-D-78x48x10 | B44: SC-ORIG-D-78x48x10 | C44: B0BB7HVLKV | D44: SC-FLEX-ORIG-D-78x48x10 | E44: #N/A | F44: SC-A-ORIG-D-78x48x10 | G44: SC-F-ORIG-D-78x48x10 | H44: SC-M-ORIG-D-78x48x10 | I44: 32783819 | J44: FU1982570-S-PM41515-78x48 | K44: =VLOOKUP(A44,Sheet4!$A:$H,7,0) -> Original Mattress | L44: =VLOOKUP(B44,Sheet4!$A:$H,8,0) -> Mattress | M44: 16999 | N44: 13769 | O44: 14799 | P44: 12919.24
A45: SC-ORIG-D-84x48x10 | B45: SC-ORIG-D-84x48x10 | C45: B0FN9PWY8K | D45: SC-ASF-ORIG-D-84x48x10 | E45: #N/A | F45: 0 | G45: SC-F-ORIG-D-84x48x10 | H45: SC-M-ORIG-D-84x48x10 | I45: #N/A | J45: #REF! | K45: =VLOOKUP(A45,Sheet4!$A:$H,7,0) -> Original Mattress | L45: =VLOOKUP(B45,Sheet4!$A:$H,8,0) -> Mattress | M45: 20999 | N45: 17009 | O45: 18299 | P45: 15959.24
A46: SC-ORIG-D-72x48x5 | B46: SC-ORIG-D-72x48x5 | C46: B0G2599S6F | D46: SC-ASF-ORIG-D-72x48x5 | E46: #N/A | F46: 0 | G46: SC-F-ORIG-D-72x48x5 | H46: SC-M-ORIG-D-72x48x5 | I46: #N/A | J46: #REF! | K46: =VLOOKUP(A46,Sheet4!$A:$H,7,0) -> Original Mattress | L46: =VLOOKUP(B46,Sheet4!$A:$H,8,0) -> Mattress | M46: 12489 | N46: 10116 | O46: 10899 | P46: 9491.64
A47: SC-ORIG-D-75x48x5 | B47: SC-ORIG-D-75x48x5 | C47: B0G2565L5B | D47: SC-ASF-ORIG-D-75x48x5 | E47: #N/A | F47: 0 | G47: SC-F-ORIG-D-75x48x5 | H47: SC-M-ORIG-D-75x48x5 | I47: #N/A | J47: #REF! | K47: =VLOOKUP(A47,Sheet4!$A:$H,7,0) -> Original Mattress | L47: =VLOOKUP(B47,Sheet4!$A:$H,8,0) -> Mattress | M47: 12909 | N47: 10456 | O47: 11199 | P47: 9810.84
A48: SC-ORIG-D-78x48x5 | B48: SC-ORIG-D-78x48x5 | C48: B0G25656L7 | D48: SC-ASF-ORIG-D-78x48x5 | E48: #N/A | F48: 0 | G48: SC-F-ORIG-D-78x48x5 | H48: SC-M-ORIG-D-78x48x5 | I48: #N/A | J48: #REF! | K48: =VLOOKUP(A48,Sheet4!$A:$H,7,0) -> Original Mattress | L48: =VLOOKUP(B48,Sheet4!$A:$H,8,0) -> Mattress | M48: 13189 | N48: 10683 | O48: 11499 | P48: 10023.64
A49: SC-ORIG-D-84x48x5 | B49: SC-ORIG-D-84x48x5 | C49: B0G253M5HG | D49: SC-ASF-ORIG-D-84x48x5 | E49: #N/A | F49: 0 | G49: SC-F-ORIG-D-84x48x5 | H49: SC-M-ORIG-D-84x48x5 | I49: #N/A | J49: #REF! | K49: =VLOOKUP(A49,Sheet4!$A:$H,7,0) -> Original Mattress | L49: =VLOOKUP(B49,Sheet4!$A:$H,8,0) -> Mattress | M49: 13599 | N49: 11015 | O49: 11799 | P49: 10335.24
A50: SC-ORIG-D-72x42x4 | B50: SC-ORIG-D-72x42x4 | C50: B0G71QWQJV | D50: SC-ASF-ORIG-D-72x42x4 | E50: #N/A | F50: 0 | G50: SC-F-ORIG-D-72x42x4 | H50: SC-M-ORIG-D-72x42x4 | I50: #N/A | J50: #N/A | K50: =VLOOKUP(A50,Sheet4!$A:$H,7,0) -> Original Mattress | L50: =VLOOKUP(B50,Sheet4!$A:$H,8,0) -> Mattress | M50: 8809 | N50: 7135 | O50: 7699 | P50: 6694.84
A51: SC-ORIG-D-75x42x4 | B51: SC-ORIG-D-75x42x4 | C51: B0G71SJPY6 | D51: SC-ASF-ORIG-D-75x42x4 | E51: #N/A | F51: 0 | G51: SC-F-ORIG-D-75x42x4 | H51: SC-M-ORIG-D-75x42x4 | I51: #N/A | J51: #REF! | K51: =VLOOKUP(A51,Sheet4!$A:$H,7,0) -> Original Mattress | L51: =VLOOKUP(B51,Sheet4!$A:$H,8,0) -> Mattress | M51: 9069 | N51: 7346 | O51: 7899 | P51: 6892.44
A52: SC-ORIG-D-78x42x8 | B52: SC-ORIG-D-78x42x8 | C52: #N/A | D52: #N/A | E52: #N/A | F52: #N/A | G52: 0 | H52: #N/A | I52: #N/A | J52: #N/A | K52: Original Mattress | L52: Mattress | M52: =VLOOKUP(A52,#REF!,2,FALSE) -> #REF! | N52: =VLOOKUP(A52, Sheet2!A:M, 3, FALSE) -> #N/A | O52: #N/A | P52: #N/A
A53: SC-ORIG-D-72x48x4 | B53: SC-ORIG-D-72x48x4 | C53: B0G71HHRVT | D53: SC-ASF-ORIG-D-72x48x4 | E53: #N/A | F53: 0 | G53: SC-F-ORIG-D-72x48x4 | H53: SC-M-ORIG-D-72x48x4 | I53: #N/A | J53: FU2289351-S-PM41515-72X48 | K53: =VLOOKUP(A53,Sheet4!$A:$H,7,0) -> Original Mattress | L53: =VLOOKUP(B53,Sheet4!$A:$H,8,0) -> Mattress | M53: 10259 | N53: 8310 | O53: 8899 | P53: 7796.84
A54: SC-ORIG-D-75x48x4 | B54: SC-ORIG-D-75x48x4 | C54: B0G71S9GW3 | D54: SC-ASF-ORIG-D-75x48x4 | E54: #N/A | F54: 0 | G54: SC-F-ORIG-D-75x48x4 | H54: SC-M-ORIG-D-75x48x4 | I54: #N/A | J54: #REF! | K54: =VLOOKUP(A54,Sheet4!$A:$H,7,0) -> Original Mattress | L54: =VLOOKUP(B54,Sheet4!$A:$H,8,0) -> Mattress | M54: 10259 | N54: 8310 | O54: 8899 | P54: 7796.84
A55: SC-ORIG-D-78x48x4 | B55: SC-ORIG-D-78x48x4 | C55: B0G726PV91 | D55: SC-ASF-ORIG-D-78x48x4 | E55: #N/A | F55: 0 | G55: SC-F-ORIG-D-78x48x4 | H55: SC-M-ORIG-D-78x48x4 | I55: #N/A | J55: #REF! | K55: =VLOOKUP(A55,Sheet4!$A:$H,7,0) -> Original Mattress | L55: =VLOOKUP(B55,Sheet4!$A:$H,8,0) -> Mattress | M55: 10779 | N55: 8731 | O55: 9399 | P55: 8192.04
A56: SC-ORIG-D-84x48x4 | B56: SC-ORIG-D-84x48x4 | C56: B0G71MXKPQ | D56: SC-ASF-ORIG-D-84x48x4 | E56: #N/A | F56: 0 | G56: SC-F-ORIG-D-84x48x4 | H56: SC-M-ORIG-D-84x48x4 | I56: #N/A | J56: #REF! | K56: =VLOOKUP(A56,Sheet4!$A:$H,7,0) -> Original Mattress | L56: =VLOOKUP(B56,Sheet4!$A:$H,8,0) -> Mattress | M56: 10909 | N56: 8836 | O56: 9499 | P56: 8290.84
A57: SC-ORIG-Q-72x60x6 | B57: SC-ORIG-Q-72x60x6 | C57: B078BNQ7M4 | D57: SC-LQ-ORIG-Q-72x60x6 | E57: #N/A | F57: 0 | G57: SC72606 | H57: SC-M-ORIG-Q-72x60x6 | I57: 31999074 | J57: #N/A | K57: =VLOOKUP(A57,Sheet4!$A:$H,7,0) -> Original Mattress | L57: =VLOOKUP(B57,Sheet4!$A:$H,8,0) -> Mattress | M57: 15699 | N57: 12716 | O57: 13699 | P57: 11931.24
A58: SC-ORIG-Q-75x60x6 | B58: SC-ORIG-Q-75x60x6 | C58: B0732TMKP8 | D58: SC-ASF-75x60x6 | E58: #N/A | F58: SC190/152 | G58: SC75606 | H58: SC-M-ORIG-Q-75x60x6 | I58: 31999070 | J58: FU1844873-S-PM41515-75x60 | K58: =VLOOKUP(A58,Sheet4!$A:$H,7,0) -> Original Mattress | L58: =VLOOKUP(B58,Sheet4!$A:$H,8,0) -> Mattress | M58: 15999 | N58: 12959 | O58: 13899 | P58: 12159.24
A59: SC-ORIG-Q-78x60x6 | B59: SC-ORIG-Q-78x60x6 | C59: B0732WFNVL | D59: SC-ASF-78x60x6 | E59: #N/A | F59: SC198/152 | G59: SC78606 | H59: SC-M-ORIG-Q-78x60x6 | I59: 31999085 | J59: FU1844873-S-PM41515-78x60 | K59: =VLOOKUP(A59,Sheet4!$A:$H,7,0) -> Original Mattress | L59: =VLOOKUP(B59,Sheet4!$A:$H,8,0) -> Mattress | M59: 16199 | N59: 13121 | O59: 14099 | P59: 12311.24
A60: SC-ORIG-Q-72x66x6 | B60: SC-ORIG-Q-72x66x6 | C60: B077QB4R3Y | D60: SC-ASF-72x66x6 | E60: #N/A | F60: 32-01PN-IJIW | G60: SC72666 | H60: SC-M-ORIG-Q-72x66x6 | I60: 32784230 | J60: #N/A | K60: =VLOOKUP(A60,Sheet4!$A:$H,7,0) -> Original Mattress | L60: =VLOOKUP(B60,Sheet4!$A:$H,8,0) -> Mattress | M60: 17299 | N60: 14012 | O60: 15099 | P60: 13147.24
A61: SC-ORIG-Q-75x66x6 | B61: SC-ORIG-Q-75x66x6 | C61: B0784G85Q4 | D61: SC-ASF-75x66x6 | E61: #N/A | F61: AT-4DY9-BTLK | G61: SC75666 | H61: SC-M-ORIG-Q-75x66x6 | I61: 32784103 | J61: #N/A | K61: =VLOOKUP(A61,Sheet4!$A:$H,7,0) -> Original Mattress | L61: =VLOOKUP(B61,Sheet4!$A:$H,8,0) -> Mattress | M61: 17699 | N61: 14336 | O61: 15399 | P61: 13451.24
A62: SC-ORIG-Q-78x66x6 | B62: SC-ORIG-Q-78x66x6 | C62: B0732XD4WD | D62: SC-ASF-78x66x6 | E62: #N/A | F62: SC198/167 | G62: SC78666 | H62: SC-M-ORIG-Q-78x66x6 | I62: 32784075 | J62: FU1844873-S-PM41515-78x66 | K62: =VLOOKUP(A62,Sheet4!$A:$H,7,0) -> Original Mattress | L62: =VLOOKUP(B62,Sheet4!$A:$H,8,0) -> Mattress | M62: 18199 | N62: 14741 | O62: 15799 | P62: 13831.24
A63: SC-ORIG-Q-84x60x6 | B63: SC-ORIG-Q-84x60x6 | C63: B0FN956DHV | D63: SC-ASF-ORIG-Q-84x60x6 | E63: #N/A | F63: 0 | G63: SC-F-ORIG-Q-84x60x6 | H63: SC-M-ORIG-Q-84x60x6 | I63: #N/A | J63: #N/A | K63: =VLOOKUP(A63,Sheet4!$A:$H,7,0) -> Original Mattress | L63: =VLOOKUP(B63,Sheet4!$A:$H,8,0) -> Mattress | M63: 16999 | N63: 13769 | O63: 14799 | P63: 12919.24
A64: SC-ORIG-Q-72x60x8 | B64: SC-ORIG-Q-72x60x8 | C64: B07MHZTP8Q | D64: SC-FLEX-ORIG-Q-72x60x8 | E64: SC-ASF-72x60x8 | F64: SC 72x60x8 | G64: SCP72608 | H64: SC-M-ORIG-Q-72x60x8 | I64: 31999081 | J64: FU1982573-S-PM41515-72x60 | K64: =VLOOKUP(A64,Sheet4!$A:$H,7,0) -> Original Mattress | L64: =VLOOKUP(B64,Sheet4!$A:$H,8,0) -> Mattress | M64: 17499 | N64: 14174 | O64: 15199 | P64: 13299.24
A65: SC-ORIG-Q-75x60x8 | B65: SC-ORIG-Q-75x60x8 | C65: B07MBSJ553 | D65: SC-ASF-75x60x8 | E65: #N/A | F65: SC 75x60x8 | G65: SCP75608 | H65: SC-M-ORIG-Q-75x60x8 | I65: 31999077 | J65: FU1982573-S-PM41515-75x60 | K65: =VLOOKUP(A65,Sheet4!$A:$H,7,0) -> Original Mattress | L65: =VLOOKUP(B65,Sheet4!$A:$H,8,0) -> Mattress | M65: 17999 | N65: 14579 | O65: 15699 | P65: 13679.24
A66: SC-ORIG-Q-78x60x8 | B66: SC-ORIG-Q-78x60x8 | C66: B07JN4C3NB | D66: SC-ASF-78x60x8 | E66: #N/A | F66: SC 78x60x8 | G66: SCP78608 | H66: SC-M-ORIG-Q-78x60x8 | I66: 31999069 | J66: FU1982573-S-PM41515-78x60 | K66: =VLOOKUP(A66,Sheet4!$A:$H,7,0) -> Original Mattress | L66: =VLOOKUP(B66,Sheet4!$A:$H,8,0) -> Mattress | M66: 18499 | N66: 14984 | O66: 16099 | P66: 14059.24
A67: SC-ORIG-Q-72x66x8 | B67: SC-ORIG-Q-72x66x8 | C67: B0B6CKXX6W | D67: SC-ASF-ORIG-Q-72x66x8 | E67: #N/A | F67: SC-ORIG-Q-72x66x8 | G67: SC-F-ORIG-Q-72x66x8 | H67: SC-M-ORIG-Q-72x66x8 | I67: 32783896 | J67: #N/A | K67: =VLOOKUP(A67,Sheet4!$A:$H,7,0) -> Original Mattress | L67: =VLOOKUP(B67,Sheet4!$A:$H,8,0) -> Mattress | M67: 19799 | N67: 16037 | O67: 17199 | P67: 15047.24
A68: SC-ORIG-Q-75x66x8 | B68: SC-ORIG-Q-75x66x8 | C68: B0BB7KL7T9 | D68: SC-ASF-ORIG-Q-75x66x8 | E68: #N/A | F68: SC-A-ORIG-Q-75x66x8 | G68: SC-F-ORIG-Q-75x66x8 | H68: SC-M-ORIG-Q-75x66x8 | I68: 32783971 | J68: #N/A | K68: =VLOOKUP(A68,Sheet4!$A:$H,7,0) -> Original Mattress | L68: =VLOOKUP(B68,Sheet4!$A:$H,8,0) -> Mattress | M68: 19999 | N68: 16199 | O68: 17399 | P68: 15199.24
A69: SC-ORIG-Q-78x66x8 | B69: SC-ORIG-Q-78x66x8 | C69: B0B6CKFXWD | D69: SC-ASF-ORIG-Q-78x66x8 | E69: #N/A | F69: 0 | G69: SC-F-ORIG-Q-78x66x8 | H69: SC-M-ORIG-Q-78x66x8 | I69: 32783869 | J69: #N/A | K69: =VLOOKUP(A69,Sheet4!$A:$H,7,0) -> Original Mattress | L69: =VLOOKUP(B69,Sheet4!$A:$H,8,0) -> Mattress | M69: 20699 | N69: 16766 | O69: 17999 | P69: 15731.24
A70: SC-ORIG-Q-84x60x8 | B70: SC-ORIG-Q-84x60x8 | C70: B0G39ZNHXN | D70: SC-ASF-ORIG-Q-84x60x8 | E70: #N/A | F70: 0 | G70: SC-F-ORIG-Q-84x60x8 | H70: SC-M-ORIG-Q-84x60x8 | I70: #N/A | J70: #N/A | K70: =VLOOKUP(A70,Sheet4!$A:$H,7,0) -> Original Mattress | L70: =VLOOKUP(B70,Sheet4!$A:$H,8,0) -> Mattress | M70: 20999 | N70: 17009 | O70: 18299 | P70: 15959.24
A71: SC-ORIG-Q-72x60x10 | B71: SC-ORIG-Q-72x60x10 | C71: B09BFDR5TH | D71: SC-ASF-72x60x10 | E71: #N/A | F71: SC-A-72x60x10 | G71: SC-F-72x60x10 | H71: SC-M-ORIG-Q-72x60x10 | I71: 32784058 | J71: FU1982570-S-PM41515-72x60 | K71: =VLOOKUP(A71,Sheet4!$A:$H,7,0) -> Original Mattress | L71: =VLOOKUP(B71,Sheet4!$A:$H,8,0) -> Mattress | M71: 19799 | N71: 16037 | O71: 17199 | P71: 15047.24
A72: SC-ORIG-Q-75x60x10 | B72: SC-ORIG-Q-75x60x10 | C72: B09BFBRLLB | D72: SC-ASF-75x60x10 | E72: #N/A | F72: SC-A-75x60x10 | G72: SC-F-75x60x10 | H72: SC-M-ORIG-Q-75x60x10 | I72: 32784190 | J72: FU1982570-S-PM41515-75x60 | K72: =VLOOKUP(A72,Sheet4!$A:$H,7,0) -> Original Mattress | L72: =VLOOKUP(B72,Sheet4!$A:$H,8,0) -> Mattress | M72: 20699 | N72: 16766 | O72: 17999 | P72: 15731.24
A73: SC-ORIG-Q-78x60x10 | B73: SC-ORIG-Q-78x60x10 | C73: B09BFD1ZB3 | D73: SC-ASF-78x60x10 | E73: #N/A | F73: SC-A-78x60x10 | G73: SC-78x60x10 | H73: SC-M-ORIG-Q-78x60x10 | I73: 32783909 | J73: FU1982570-S-PM41515-78x60 | K73: =VLOOKUP(A73,Sheet4!$A:$H,7,0) -> Original Mattress | L73: =VLOOKUP(B73,Sheet4!$A:$H,8,0) -> Mattress | M73: 20799 | N73: 16847 | O73: 18099 | P73: 15807.24
A74: SC-ORIG-Q-72x66x10 | B74: SC-ORIG-Q-72x66x10 | C74: B0BB7JWTL4 | D74: SC-ASF-ORIG-Q-72x66x10 | E74: #N/A | F74: SC-A-ORIG-Q-72x66x10 | G74: SC-F-ORIG-Q-72x66x10 | H74: SC-M-ORIG-Q-72x66x10 | I74: 32784045 | J74: #N/A | K74: =VLOOKUP(A74,Sheet4!$A:$H,7,0) -> Original Mattress | L74: =VLOOKUP(B74,Sheet4!$A:$H,8,0) -> Mattress | M74: 22399 | N74: 18143 | O74: 19499 | P74: 17023.24
A75: SC-ORIG-Q-75x66x10 | B75: SC-ORIG-Q-75x66x10 | C75: B0BB7JQPSM | D75: SC-ASF-ORIG-Q-75x66x10 | E75: #N/A | F75: SC-A-ORIG-Q-75x66x10 | G75: SC-F-ORIG-Q-75x66x10 | H75: SC-M-ORIG-Q-75x66x10 | I75: 32784067 | J75: #N/A | K75: =VLOOKUP(A75,Sheet4!$A:$H,7,0) -> Original Mattress | L75: =VLOOKUP(B75,Sheet4!$A:$H,8,0) -> Mattress | M75: 21499 | N75: 17414 | O75: 18699 | P75: 16339.24
A76: SC-ORIG-Q-78x66x10 | B76: SC-ORIG-Q-78x66x10 | C76: B0BB7KGNLD | D76: SC-ASF-ORIG-Q-78x66x10 | E76: #N/A | F76: SC-A-ORIG-Q-78x66x10 | G76: SC-F-ORIG-Q-78x66x10 | H76: SC-M-ORIG-Q-78x66x10 | I76: 32784218 | J76: #N/A | K76: =VLOOKUP(A76,Sheet4!$A:$H,7,0) -> Original Mattress | L76: =VLOOKUP(B76,Sheet4!$A:$H,8,0) -> Mattress | M76: 23499 | N76: 19034 | O76: 20399 | P76: 17859.24
A77: SC-ORIG-Q-84x60x10 | B77: SC-ORIG-Q-84x60x10 | C77: B0FN9G6TPZ | D77: SC-ASF-ORIG-Q-84x60x10 | E77: #N/A | F77: 0 | G77: SC-F-ORIG-Q-84x60x10 | H77: SC-M-ORIG-Q-84x60x10 | I77: #N/A | J77: #N/A | K77: =VLOOKUP(A77,Sheet4!$A:$H,7,0) -> Original Mattress | L77: =VLOOKUP(B77,Sheet4!$A:$H,8,0) -> Mattress | M77: 24999 | N77: 20249 | O77: 21699 | P77: 18999.24
A78: SC-ORIG-Q-84x66x6 | B78: SC-ORIG-Q-84x66x6 | C78: B0G39YK3TM | D78: SC-ASF-ORIG-Q-84x66x6 | E78: #N/A | F78: 0 | G78: SC-F-ORIG-Q-84x66x6 | H78: SC-M-ORIG-Q-84x66x6 | I78: #N/A | J78: #N/A | K78: =VLOOKUP(A78,Sheet4!$A:$H,7,0) -> Original Mattress | L78: =VLOOKUP(B78,Sheet4!$A:$H,8,0) -> Mattress | M78: 18999 | N78: 15389 | O78: 16499 | P78: 14439.24
A79: SC-ORIG-Q-84x66x8 | B79: SC-ORIG-Q-84x66x8 | C79: B0G39ZNHXQ | D79: SC-ASF-ORIG-Q-84x66x8 | E79: #N/A | F79: 0 | G79: SC-F-ORIG-Q-84x66x8 | H79: SC-M-ORIG-Q-84x66x8 | I79: #N/A | J79: #N/A | K79: =VLOOKUP(A79,Sheet4!$A:$H,7,0) -> Original Mattress | L79: =VLOOKUP(B79,Sheet4!$A:$H,8,0) -> Mattress | M79: 21999 | N79: 17819 | O79: 19099 | P79: 16719.24
A80: SC-ORIG-Q-84x66x10 | B80: SC-ORIG-Q-84x66x10 | C80: B0G39V8R7X | D80: SC-ASF-ORIG-Q-84x66x10 | E80: #N/A | F80: 0 | G80: SC-F-ORIG-Q-84x66x10 | H80: SC-M-ORIG-Q-84x66x10 | I80: #N/A | J80: #N/A | K80: =VLOOKUP(A80,Sheet4!$A:$H,7,0) -> Original Mattress | L80: =VLOOKUP(B80,Sheet4!$A:$H,8,0) -> Mattress | M80: 25999 | N80: 21059 | O80: 22599 | P80: 19759.24
A81: SC-ORIG-Q-72x60x5 | B81: SC-ORIG-Q-72x60x5 | C81: B0G25BHBT6 | D81: SC-ASF-ORIG-Q-72x60x5 | E81: #N/A | F81: 0 | G81: SC-F-ORIG-Q-72x60x5 | H81: SC-M-ORIG-Q-72x60x5 | I81: #N/A | J81: FU2275238-S-PM41515-72X60 | K81: =VLOOKUP(A81,Sheet4!$A:$H,7,0) -> Original Mattress | L81: =VLOOKUP(B81,Sheet4!$A:$H,8,0) -> Mattress | M81: 13879 | N81: 11242 | O81: 12099 | P81: 10548.04
A82: SC-ORIG-Q-75x60x5 | B82: SC-ORIG-Q-75x60x5 | C82: B0G256HLCB | D82: SC-ASF-ORIG-Q-75x60x5 | E82: #N/A | F82: 0 | G82: SC-F-ORIG-Q-75x60x5 | H82: SC-M-ORIG-Q-75x60x5 | I82: #N/A | J82: FU2275238-S-PM41515-75X60 | K82: =VLOOKUP(A82,Sheet4!$A:$H,7,0) -> Original Mattress | L82: =VLOOKUP(B82,Sheet4!$A:$H,8,0) -> Mattress | M82: 14579 | N82: 11809 | O82: 12699 | P82: 11080.04
A83: SC-ORIG-Q-78x60x5 | B83: SC-ORIG-Q-78x60x5 | C83: B0G2569T27 | D83: SC-ASF-ORIG-Q-78x60x5 | E83: #N/A | F83: 0 | G83: SC-F-ORIG-Q-78x60x5 | H83: SC-M-ORIG-Q-78x60x5 | I83: #N/A | J83: FU2275238-S-PM41515-78X60 | K83: =VLOOKUP(A83,Sheet4!$A:$H,7,0) -> Original Mattress | L83: =VLOOKUP(B83,Sheet4!$A:$H,8,0) -> Mattress | M83: 14849 | N83: 12028 | O83: 12899 | P83: 11285.24
A84: SC-ORIG-Q-72x66x5 | B84: SC-ORIG-Q-72x66x5 | C84: B0G256SMQZ | D84: SC-ASF-ORIG-Q-72x66x5 | E84: #N/A | F84: 0 | G84: SC-F-ORIG-Q-72x66x5 | H84: SC-M-ORIG-Q-72x66x5 | I84: #N/A | J84: FU2275238-S-PM41515-72X66 | K84: =VLOOKUP(A84,Sheet4!$A:$H,7,0) -> Original Mattress | L84: =VLOOKUP(B84,Sheet4!$A:$H,8,0) -> Mattress | M84: 15689 | N84: 12708 | O84: 13599 | P84: 11923.64
A85: SC-ORIG-Q-75x66x5 | B85: SC-ORIG-Q-75x66x5 | C85: B0G256TCF3 | D85: SC-ASF-ORIG-Q-75x66x5 | E85: #N/A | F85: 0 | G85: SC-F-ORIG-Q-75x66x5 | H85: SC-M-ORIG-Q-75x66x5 | I85: #N/A | J85: FU2275238-S-PM41515-75X66 | K85: =VLOOKUP(A85,Sheet4!$A:$H,7,0) -> Original Mattress | L85: =VLOOKUP(B85,Sheet4!$A:$H,8,0) -> Mattress | M85: 15969 | N85: 12935 | O85: 13899 | P85: 12136.44
A86: SC-ORIG-Q-78x66x5 | B86: SC-ORIG-Q-78x66x5 | C86: B0G254TRZH | D86: SC-ASF-ORIG-Q-78x66x5 | E86: #N/A | F86: 0 | G86: SC-F-ORIG-Q-78x66x5 | H86: SC-M-ORIG-Q-78x66x5 | I86: #N/A | J86: FU2275238-S-PM41515-78X66 | K86: =VLOOKUP(A86,Sheet4!$A:$H,7,0) -> Original Mattress | L86: =VLOOKUP(B86,Sheet4!$A:$H,8,0) -> Mattress | M86: 16659 | N86: 13494 | O86: 14499 | P86: 12660.84
A87: SC-ORIG-Q-84x60x5 | B87: SC-ORIG-Q-84x60x5 | C87: B0G258W8L2 | D87: SC-ASF-ORIG-Q-84x60x5 | E87: #N/A | F87: 0 | G87: SC-F-ORIG-Q-84x60x5 | H87: SC-M-ORIG-Q-84x60x5 | I87: #N/A | J87: #N/A | K87: =VLOOKUP(A87,Sheet4!$A:$H,7,0) -> Original Mattress | L87: =VLOOKUP(B87,Sheet4!$A:$H,8,0) -> Mattress | M87: 16659 | N87: 13494 | O87: 14499 | P87: 12660.84
A88: SC-ORIG-Q-72x60x4 | B88: SC-ORIG-Q-72x60x4 | C88: B0G71QJRXS | D88: SC-ASF-ORIG-Q-72x60x4 | E88: #N/A | F88: 0 | G88: SC-F-ORIG-Q-72x60x4 | H88: SC-M-ORIG-Q-72x60x4 | I88: #N/A | J88: FU2289351-S-PM41515-72X60 | K88: =VLOOKUP(A88,Sheet4!$A:$H,7,0) -> Original Mattress | L88: =VLOOKUP(B88,Sheet4!$A:$H,8,0) -> Mattress | M88: 11179 | N88: 9055 | O88: 9699 | P88: 8496.04
A89: SC-ORIG-Q-75x60x4 | B89: SC-ORIG-Q-75x60x4 | C89: B0G71MDVVD | D89: SC-ASF-ORIG-Q-75x60x4 | E89: #N/A | F89: 0 | G89: SC-F-ORIG-Q-75x60x4 | H89: SC-M-ORIG-Q-75x60x4 | I89: #N/A | J89: FU2289351-S-PM41515-75X60 | K89: =VLOOKUP(A89,Sheet4!$A:$H,7,0) -> Original Mattress | L89: =VLOOKUP(B89,Sheet4!$A:$H,8,0) -> Mattress | M89: 11569 | N89: 9371 | O89: 10099 | P89: 8792.44
A90: SC-ORIG-Q-78x60x4 | B90: SC-ORIG-Q-78x60x4 | C90: B0G71QBLSG | D90: SC-ASF-ORIG-Q-78x60x4 | E90: #N/A | F90: 0 | G90: SC-F-ORIG-Q-78x60x4 | H90: SC-M-ORIG-Q-78x60x4 | I90: #N/A | J90: FU2289351-S-PM41515-78X60 | K90: =VLOOKUP(A90,Sheet4!$A:$H,7,0) -> Original Mattress | L90: =VLOOKUP(B90,Sheet4!$A:$H,8,0) -> Mattress | M90: 11839 | N90: 9590 | O90: 10299 | P90: 8997.64
A91: SC-ORIG-Q-72x66x4 | B91: SC-ORIG-Q-72x66x4 | C91: B0G71LQHZ2 | D91: SC-ASF-ORIG-Q-72x66x4 | E91: #N/A | F91: 0 | G91: SC-F-ORIG-Q-72x66x4 | H91: SC-M-ORIG-Q-72x66x4 | I91: #N/A | J91: FU2289351-S-PM41515-72X66 | K91: =VLOOKUP(A91,Sheet4!$A:$H,7,0) -> Original Mattress | L91: =VLOOKUP(B91,Sheet4!$A:$H,8,0) -> Mattress | M91: 12229 | N91: 9905 | O91: 10599 | P91: 9294.04
A92: SC-ORIG-Q-75x66x4 | B92: SC-ORIG-Q-75x66x4 | C92: B0G71J25KN | D92: SC-ASF-ORIG-Q-75x66x4 | E92: #N/A | F92: 0 | G92: SC-F-ORIG-Q-75x66x4 | H92: SC-M-ORIG-Q-75x66x4 | I92: #N/A | J92: FU2289351-S-PM41515-75X66 | K92: =VLOOKUP(A92,Sheet4!$A:$H,7,0) -> Original Mattress | L92: =VLOOKUP(B92,Sheet4!$A:$H,8,0) -> Mattress | M92: 12889 | N92: 10440 | O92: 11199 | P92: 9795.64
A93: SC-ORIG-Q-84x60x4 | B93: SC-ORIG-Q-84x60x4 | C93: B0G7241DPN | D93: SC-ASF-ORIG-Q-84x60x4 | E93: #N/A | F93: 0 | G93: SC-F-ORIG-Q-84x60x4 | H93: SC-M-ORIG-Q-84x60x4 | I93: #N/A | J93: #N/A | K93: =VLOOKUP(A93,Sheet4!$A:$H,7,0) -> Original Mattress | L93: =VLOOKUP(B93,Sheet4!$A:$H,8,0) -> Mattress | M93: 12889 | N93: 10440 | O93: 11199 | P93: 9795.64
A94: SC-ORIG-Q-78x66x4 | B94: SC-ORIG-Q-78x66x4 | C94: B0G71VJTDG | D94: SC-ASF-ORIG-Q-78x66x4 | E94: #N/A | F94: 0 | G94: SC-F-ORIG-Q-78x66x4 | H94: SC-M-ORIG-Q-78x66x4 | I94: #N/A | J94: FU2289351-S-PM41515-78X66 | K94: =VLOOKUP(A94,Sheet4!$A:$H,7,0) -> Original Mattress | L94: =VLOOKUP(B94,Sheet4!$A:$H,8,0) -> Mattress | M94: 13149 | N94: 10651 | O94: 11399 | P94: 9993.24
A95: SC-ORIG-K-72x70x6 | B95: SC-ORIG-K-72x70x6 | C95: B0F2TGN1KQ | D95: SC-A-ORIG-K-72x70x6 | E95: #N/A | F95: 0 | G95: SC-F-ORIG-K-72x70x6 | H95: SC-M-ORIG-K-72x70x6 | I95: #N/A | J95: FU1844874-S-PM41515-72x70 | K95: =VLOOKUP(A95,Sheet4!$A:$H,7,0) -> Original Mattress | L95: =VLOOKUP(B95,Sheet4!$A:$H,8,0) -> Mattress | M95: 17999 | N95: 14579 | O95: 15699 | P95: 13679.24
A96: SC-ORIG-K-72x72x6 | B96: SC-ORIG-K-72x72x6 | C96: B077QJVWBR | D96: SC-ASF-72x72x6 | E96: #N/A | F96: PF-LN7U-W1EA | G96: SC72726 | H96: SC-M-ORIG-K-72x72x6 | I96: 31999060 | J96: FU1844874-S-PM41515-72x72 | K96: =VLOOKUP(A96,Sheet4!$A:$H,7,0) -> Original Mattress | L96: =VLOOKUP(B96,Sheet4!$A:$H,8,0) -> Mattress | M96: 17999 | N96: 14579 | O96: 15699 | P96: 13679.24
A97: SC-ORIG-K-75x70x6 | B97: SC-ORIG-K-75x70x6 | C97: B0F2THTPGB | D97: SC-A-ORIG-K-75x70x6 | E97: #N/A | F97: 0 | G97: SC-F-ORIG-K-75x70x6 | H97: SC-M-ORIG-K-75x70x6 | I97: #N/A | J97: FU1844874-S-PM41515-75x70 | K97: =VLOOKUP(A97,Sheet4!$A:$H,7,0) -> Original Mattress | L97: =VLOOKUP(B97,Sheet4!$A:$H,8,0) -> Mattress | M97: 18199 | N97: 14741 | O97: 15799 | P97: 13831.24
A98: SC-ORIG-K-75x72x6 | B98: SC-ORIG-K-75x72x6 | C98: B0732TFNYC | D98: SC-FLEX-ORIG-K-75x72x6 | E98: SC-ASF-75x72x6 | F98: SC190/182 | G98: SC75726 | H98: SC-M-ORIG-K-75x72x6 | I98: 31999083 | J98: FU1844874-S-PM41515-75x72 | K98: =VLOOKUP(A98,Sheet4!$A:$H,7,0) -> Original Mattress | L98: =VLOOKUP(B98,Sheet4!$A:$H,8,0) -> Mattress | M98: 18199 | N98: 14741 | O98: 15799 | P98: 13831.24
A99: SC-ORIG-K-78x70x6 | B99: SC-ORIG-K-78x70x6 | C99: B0F2TJDG5J | D99: SC-A-ORIG-K-78x70x6 | E99: #N/A | F99: 0 | G99: SC-F-ORIG-K-78x70x6 | H99: SC-M-ORIG-K-78x70x6 | I99: #N/A | J99: FU1844874-S-PM41515-78x70 | K99: =VLOOKUP(A99,Sheet4!$A:$H,7,0) -> Original Mattress | L99: =VLOOKUP(B99,Sheet4!$A:$H,8,0) -> Mattress | M99: 18399 | N99: 14903 | O99: 15999 | P99: 13983.24
A100: SC-ORIG-K-78x72x6 | B100: SC-ORIG-K-78x72x6 | C100: B0732Y4N37 | D100: SC-FLEX1-ORIG-K-78x72x6 | E100: #N/A | F100: 0 | G100: SC78726 | H100: SC-M-ORIG-K-78x72x6 | I100: 31999082 | J100: FU1844874-S-PM41515-78x72 | K100: =VLOOKUP(A100,Sheet4!$A:$H,7,0) -> Original Mattress | L100: =VLOOKUP(B100,Sheet4!$A:$H,8,0) -> Mattress | M100: 18399 | N100: 14903 | O100: 15999 | P100: 13983.24
...

Sheet New Master
A1: Master SKU | B1: Website SKU | C1: ASIN | D1: Flex-1 | E1: Flex Status | F1: Flex-2 | G1: Flex 2 Status | H1: SS | I1: SS Status | J1: Flipkart | K1: Myntra SKU | L1: Style I'd | M1: PPF | N1: PRODUCT | O1: CATEGORY | P1: MRP | Q1: 16TH TO 31ST SP | R1: New BAU 24 April | S1: May Art Event | T1: BLR | U1: MUM | V1: GGN | W1: CHN | X1: HYB | Y1: S&OP
A2: SC-CLPILW-S-27x18 | B2: SC-CLPILW-S-27x18 | C2: B08KT1QRHJ | D2: SC-A-ZIPILW-18x27 | E2: active | F2: SC-ASF-ZIPILW-18x27 | G2: active | H2: 0 | I2: 0 | J2: SC-F-CLPILW27x18 | K2: SC-M-CLPILW-S-27x18 | L2: 31629881 | M2: FU1885162-S-PM41515 | N2: Cloud Pillow | O2: Pillows | P2: 1189 | Q2: 999 | R2: 999 | S2: 949 | T2: 527 | U2: 383 | V2: 634 | W2: 342 | X2: 421 | Y2: 2307
A3: SC-LITEPILWPSET2-S-27X17 | B3: SC-LITEPILWPSET2-S-27X17 | C3: B0CV17V482 | D3: SC-A-LITEPILWPSET2-S-27X17 | E3: active | F3: #N/A | H3: SC-AS-LITEPILWPSET2-S-27X17 | I3: active | J3: SC-F-LITEPILWPSET2-S-27X17 | K3: SC-M-LITEPILWPSET2-S-27X17 | L3: 31645868 | M3: #N/A | N3: Fiber Lite | O3: Pillows | P3: 999 | Q3: 849 | R3: 849 | S3: 749 | T3: 435 | U3: 254 | V3: 106 | W3: 406 | X3: 298 | Y3: 1499
A4: SC-MFPILW-BAM-S-25x16 | B4: SC-MFPILW-BAM-S-25x16 | C4: B0822SXQGH | D4: SC-SF-MFPILW-26x16x4 | E4: active | F4: SC-ASF-MFPILW-26x16x4 | G4: active | H4: SCPWL2616 | I4: active | J4: SC-PILLOW | K4: SC-M-MFPILW-BAM-S-25x16 | L4: 31629886 | M4: FU1985094-S-PM41515 | N4: Memory Foam Pillow | O4: Pillows | P4: 1989 | Q4: 1099 | R4: 999 | S4: 949 | T4: 154 | U4: 385 | V4: 633 | W4: 2 | X4: 0 | Y4: 1174
A5: SC-SLMPILW-S-26X16 | B5: SC-SLMPILW-S-26X16 | C5: B09XBMFFZY | D5: SC-ASF-SLMPILW-S-26x16 | E5: active | F5: #N/A | H5: SC-A-SLMPILW-S-26x16 | I5: active | J5: SC-SLMPILW-S-26x16 | K5: SC-M-SLMPILW-S-26x16 | L5: 31629882 | M5: FU1985103-S-PM41515 | N5: Slim Pillow | O5: Pillows | P5: 999 | Q5: 949 | R5: 949 | S5: 899 | T5: 353 | U5: 113 | V5: 420 | W5: 2 | X5: 197 | Y5: 1085
A6: SC-PROT-Q-78x60 | B6: SC-PROT-Q-78x60 | C6: B0822WJWGS | D6: SC-ASF-P-78x60 | E6: active | F6: #N/A | H6: SCMP7860 | I6: active | J6: SC-F-PROT-Q-78x60 | K6: SC-M-PROT-Q-78x60 | L6: 31862352 | M6: #N/A | N6: Protector | O6: Bedding | P6: 989 | Q6: 940 | R6: 940 | S6: 890.1 | T6: 205 | U6: 244 | V6: 442 | W6: 0 | X6: 114 | Y6: 1005
A7: SC-DGRPILWCS-C-52x20 | B7: SC-DGRPILWCS-C-52x20 | C7: B0CWL46VZK | D7: SC-ASF-DGRPILWCS-C-52x20 | E7: active | F7: #N/A | G7: #N/A | H7: SC-DGRPILWCS-C-52x20 | I7: active | J7: SC-F-DGRPILWCS-C-52x20 | K7: SC-M-DGRPILWCS-C-52x20 | L7: #N/A | M7: #N/A | N7: Cotton Pillow Case | O7: Bedding | P7: 499 | Q7: 494.01 | R7: 499 | S7: 474.05 | T7: 45 | U7: 68 | V7: 623 | W7: 174 | X7: 70 | Y7: 980
A8: SC-BKNECKPILW-S-10x9 | B8: SC-BKNECKPILW-S-10x9 | C8: B0CJ9G9XVQ | D8: SC-ASF-BKNECKPILW-S-10x9 | E8: active | F8: #N/A | G8: #N/A | H8: SC-BKNECKPILW-S-10x9 | I8: active | J8: SC-BKNECKPILW-S-10x9 | K8: SC-M-BKNECKPILW-S-10x9 | L8: 31917204 | M8: #N/A | N8: Travel Neck Pillow | O8: Pillows | P8: 1489 | Q8: 999 | R8: 999 | S8: 949 | T8: 78 | U8: 0 | V8: 776 | W8: 0 | X8: 30 | Y8: 884
A9: SC-PROT-K-78x72 | B9: SC-PROT-K-78x72 | C9: B0822WWZRV | D9: SC-ASF-P-78x72 | E9: active | F9: #N/A | H9: SCMP7872 | I9: active | J9: SCPROK78x72 | K9: SC-M-PROT-K-78x72 | L9: 31862320 | M9: #N/A | N9: Protector | O9: Bedding | P9: 1089 | Q9: 1035 | R9: 1035 | S9: 980.1 | T9: 99 | U9: 81 | V9: 397 | W9: 0 | X9: 184 | Y9: 761
A10: SC-SBC-BL | B10: SC-SBC-BL | C10: B0FMNPTF51 | D10: SC-ASF-SBC-BL | E10: active | F10: #N/A | H10: 0 | J10: SC-FK-SBC-BL | K10: SC-M-SBC-BL | L10: #N/A | M10: #N/A | N10: Mobility | O10: Mobility | P10: 1869 | Q10: 1495 | R10: 1499 | S10: 1401.75 | T10: 64 | U10: 69 | V10: 442 | W10: 39 | X10: 60 | Y10: 674
A11: SC-SMFPILWSET1-BAM-S-22x14 | B11: SC-SMFPILWSET1-BAM-S-22x14 | C11: B0F1Y416FR | D11: SC-ASF-SMFPILWSET1-BAM-S-22x14 | E11: active | F11: #N/A | H11: SC-A-SMFPILWSET1-BAM-S-22x14 | I11: active | J11: SC-F-SMFPILWSET1-BAM-S-22x14 | K11: SC-M-SMFPILWSET1-BAM-S-22x14 | L11: #N/A | M11: #N/A | N11: Small Memory Foam Pillow | O11: Pillows | P11: 1599 | Q11: 999 | R11: 999 | S11: 959 | T11: 63 | U11: 110 | V11: 341 | W11: 2 | X11: 57 | Y11: 573
A12: SC-PBC-BL | B12: SC-PBC-BL | C12: B0FMNQ5SFR | D12: SC-ASF-PBC-BL | E12: active | F12: #N/A | H12: 0 | J12: SC-FK-PBC-BL | K12: SC-M-PBC-BL | L12: #N/A | M12: #N/A | N12: Mobility | O12: Mobility | P12: 1999 | Q12: 1599 | R12: 1599 | S12: 1499.25 | T12: 55 | U12: 51 | V12: 370 | W12: 18 | X12: 57 | Y12: 551
A13: SC-BDPILW-S-50x19 | B13: SC-BDPILW-S-50x19 | C13: 0 | D13: 0 | F13: #N/A | H13: 0 | J13: 0 | N13: Cuddle Pillow | O13: Pillows | P13: #REF! | R13: #N/A | S13: 1499 | T13: 233 | U13: 168 | V13: 0 | W13: 59 | X13: 87 | Y13: 547
A14: SC-GRCUDPILWSET-S-50x19 | B14: SC-GRCUDPILWSET-S-50x19 | C14: B08KS2YSFR | D14: SC-ASF-BDPILW-19x50 | E14: active | F14: #N/A | G14: #N/A | H14: SC-A-BDPILW-19x50 | I14: active | J14: SC-F-BDPILW19x50 | K14: SC-M-BDPILW-S-50x19 | L14: 31629884 | M14: FU1885161-S-PM41515 | N14: Cuddle Pillow | O14: Pillows | P14: 1989 | Q14: 1698 | R14: 1699 | S14: 1499 | T14: 233 | U14: 168 | V14: 0 | W14: 59 | X14: 87 | Y14: 547
A15: SC-HYBPILW-S-26X16 | B15: SC-HYBPILW-S-26X16 | C15: B09XF5SRRD | D15: SC-A-HYBPILW-S-26x16 | E15: active | F15: #N/A | G15: #N/A | H15: 0 | J15: SC-FK-HYBPILW-S-26x16 | K15: SC-M-HYBPILW-S-26x16 | L15: 31629883 | M15: FU1985091-S-PM41515 | N15: Hybrid Pillow | O15: Pillows | P15: 1999 | Q15: 1799 | R15: 1899 | S15: 1799 | T15: 81 | U15: 28 | V15: 288 | W15: 0 | X15: 50 | Y15: 447
A16: SC-PROT-Q-72x60 | B16: SC-PROT-Q-72x60 | C16: B0822X8LZY | D16: SC-ASF-P-72x60 | E16: active | F16: #N/A | H16: SCMP7260 | I16: active | J16: SC-F-PROT-Q-72x60 | K16: SC-M-PROT-Q-72x60 | L16: 31862322 | M16: #N/A | N16: Protector | O16: Bedding | P16: 989 | Q16: 940 | R16: 940 | S16: 890.1 | T16: 61 | U16: 83 | V16: 230 | W16: 0 | X16: 52 | Y16: 426
A17: SC-DCPILWSET1-BAM-25x15 | B17: SC-DCPILWSET1-BAM-25x15 | C17: B0F1937F9V | D17: SC-ASF-DCPILWSET1-BAM-25x15 | E17: active | F17: #N/A | G17: #N/A | H17: SC-A-DCPILWSET1-BAM-25x15 | I17: active | J17: SC-F-DCPILWSET1-BAM-25x15 | K17: SC-M-DCPILWSET1-BAM-25x15 | L17: 33223713 | M17: #N/A | N17: Dual Comfort Pillow | O17: Pillows | P17: 2499 | Q17: 2149 | R17: 2149 | S17: 1999 | T17: 136 | U17: 132 | V17: 94 | W17: 14 | X17: 41 | Y17: 417
A18: SC-TBLPILWCS-S-28x18 | B18: SC-TBLPILWCS-S-28x18 | C18: B0CWLCGJDC | D18: SC-FLEX-TBLPILWCS-S-28x18 | E18: active | F18: #N/A | G18: #N/A | H18: SC-TBLPILWCS-S-28x18 | I18: active | J18: SC-F-TBLPILWCS-S-28x18 | K18: SC-M-TBLPILWCS-S-28x18 | L18: #N/A | M18: #N/A | N18: Cotton Pillow Case | O18: Bedding | P18: 549 | Q18: 543.51 | R18: 549 | S18: 521.55 | T18: 284 | U18: 13 | V18: 53 | W18: 57 | X18: 5 | Y18: 412
A19: SC-PNC-BL | B19: SC-PNC-BL | C19: B0FMNTTG5B | D19: SC-ASF-PNC-BL | E19: active | F19: #N/A | H19: 0 | J19: SC-FK-PNC-BL | K19: SC-M-PNC-BL | L19: #N/A | M19: #N/A | N19: Mobility | O19: Mobility | P19: 1869 | Q19: 1495 | R19: 1499 | S19: 1401.75 | T19: 40 | U19: 50 | V19: 228 | W19: 33 | X19: 56 | Y19: 407
A20: SC-CLPILW-P-32x20 | B20: SC-CLPILW-P-32x20 | C20: B08V5B923X | D20: SC-FLEX-ZIPILW-20x32 | E20: active | F20: #N/A | G20: #N/A | H20: SC-A-ZIPILW-20x32 | I20: active | J20: SC-FK-ZIPILW-20x32 | K20: SC-M-CLPILW-P-32x20 | L20: #N/A | M20: #N/A | N20: Cloud Pillow | O20: Pillows | P20: 1489 | Q20: 1149 | R20: 1299 | S20: 999 | T20: 172 | U20: 208 | V20: 0 | W20: 20 | X20: 0 | Y20: 400
A21: SC-DGRPILWCS-S-28x18 | B21: SC-DGRPILWCS-S-28x18 | C21: B0CWL2NG34 | D21: SC-ASF-DGRPILWCS-S-28x18 | E21: active | F21: #N/A | G21: #N/A | H21: SC-DGRPILWCS-S-28x18 | I21: active | J21: SC-F-DGRPILWCS-S-28x18 | K21: SC-M-DGRPILWCS-S-28x18 | L21: #N/A | M21: #N/A | N21: Cotton Pillow Case | O21: Bedding | P21: 549 | Q21: 543.51 | R21: 549 | S21: 521.55 | T21: 142 | U21: 59 | V21: 125 | W21: 45 | X21: 15 | Y21: 386
A22: SC-LSC-BL | B22: SC-LSC-BL | C22: B0FMNM4TKZ | D22: SC-ASF-LSC-BL | E22: active | F22: #N/A | H22: 0 | J22: SC-FK-LSC-BL | K22: SC-M-LSC-M-BL | L22: #N/A | M22: #N/A | N22: Mobility | O22: Mobility | P22: 1249 | Q22: 999 | R22: 999 | S22: 936.75 | T22: 53 | U22: 56 | V22: 175 | W22: 18 | X22: 67 | Y22: 369
A23: SC-SLSTPILWCS-S-28x18 | B23: SC-SLSTPILWCS-S-28x18 | C23: B0CWKZHV5T | D23: SC-ASF-SLSTPILWCS-S-28x18 | E23: active | F23: #N/A | H23: SC-SLSTPILWCS-S-28x18 | I23: active | J23: SC-F-SLSTPILWCS-S-28x18 | K23: SC-M-SLSTPILWCS-S-28x18 | L23: #N/A | M23: #N/A | N23: Cotton Pillow Case | O23: Bedding | P23: 649 | Q23: 642.51 | R23: 649 | S23: 616.55 | T23: 36 | U23: 177 | V23: 0 | W23: 143 | X23: 0 | Y23: 356
A24: SC-OBCHPILWCS-S-28x18 | B24: SC-OBCHPILWCS-S-28x18 | C24: B0CWL313ZC | D24: SC-ASF-OBCHPILWCS-S-28x18 | E24: active | F24: #N/A | H24: SC-OBCHPILWCS-S-28x18 | I24: active | J24: SC-F-OBCHPILWCS-S-28x18 | K24: SC-M-OBCHPILWCS-S-28x18 | L24: #N/A | M24: #N/A | N24: Cotton Pillow Case | O24: Bedding | P24: 649 | Q24: 642.51 | R24: 649 | S24: 616.55 | T24: 124 | U24: 28 | V24: 110 | W24: 87 | X24: 0 | Y24: 349
A25: SC-MFPILW-CLT-S-25x16 | B25: SC-MFPILW-CLT-S-25x16 | C25: B09XF967YW | D25: SC-ASF-MFPILW-CLT-S-25x16 | E25: active | F25: #N/A | H25: SC-A-MFPILW-CLT-S-25x16 | I25: active | J25: SC-MFPILW-CLT-S-25x16 | K25: SC-M-MFPILW-CLT-S-25x16 | L25: 31629885 | M25: FU1985097-S-PM41515 | N25: CoolTEC MF Pillow | O25: Pillows | P25: 2989 | Q25: 2299 | R25: 2299 | S25: 2199 | T25: 40 | U25: 0 | V25: 261 | W25: 12 | X25: 21 | Y25: 334
A26: SC-MFPILW-BAM-C-25x16 | B26: SC-MFPILW-BAM-C-25x16 | C26: B09XFF5LPL | D26: SC-ASF-CONMFPILW-BAM-25x16 | E26: active | F26: #N/A | H26: SC-A-CONMFPILW-BAM-25x16 | I26: active | J26: SC-MFPILW-BAM-C-25x16 | K26: SC-M-MFPILW-BAM-C-25x16 | L26: 32777659 | M26: FU1985087-S-PM41515 | N26: Contour Bamboo MF Pillow | O26: Pillows | P26: 1989 | Q26: 999 | R26: 999 | S26: 999 | T26: 86 | U26: 66 | V26: 178 | W26: 0 | X26: 0 | Y26: 330
A27: SC-SBC-BLACK | B27: SC-SBC-BLACK | C27: B0GLGFVZCW | D27: SC-ASF-SBC-BLACK | E27: active | F27: #N/A | H27: 0 | J27: SC-FK-SBC-BLACK | K27: SC-M-SBC-BLACK | L27: #N/A | M27: #N/A | N27: Mobility | O27: Mobility | P27: 1869 | Q27: 1495 | R27: 1499 | S27: 1401.75 | T27: 5 | U27: 0 | V27: 315 | W27: 9 | X27: 0 | Y27: 329
A28: SC-SUPRSOFTPILW-S-25x16 | B28: SC-SUPRSOFTPILW-S-25x16 | C28: B0CRHS55FC | D28: SC-ASF-SUPRSOFTPILW-S-25x16 | E28: active | F28: #N/A | H28: SC-A-SUPRSOFTPILW-S-25x16 | I28: active | J28: SC-F-SUPRSOFTPILW-S-25x16 | K28: SC-M-SUPRSOFTPILW-S-25x16 | L28: 31629880 | M28: #N/A | N28: Marshmallow Pillow | O28: Pillows | P28: 1989 | Q28: 1699 | R28: 1699 | S28: 1599 | T28: 152 | U28: 62 | V28: 90 | W28: 24 | X28: 0 | Y28: 328
A29: SC-PSC-BLACK | B29: SC-PSC-BLACK | C29: B0GLGLF2HK | D29: SC-ASF-PSC-BLACK | E29: active | F29: #N/A | H29: 0 | J29: SC-FK-PSC-BLACK | K29: SC-M-PSC-M-BLACK | L29: #N/A | M29: #N/A | N29: Mobility | O29: Mobility | P29: 2499 | Q29: 1999 | R29: 1999 | S29: 1874.25 | T29: 48 | U29: 29 | V29: 194 | W29: 13 | X29: 40 | Y29: 324
A30: SC-PSC-BL | B30: SC-PSC-BL | C30: B0FMP5Y17Y | D30: SC-ASF-PSC-BL | E30: active | F30: #N/A | H30: 0 | J30: SC-FK-PSC-BL | K30: SC-M-PSC-M-BL | L30: #N/A | M30: #N/A | N30: Mobility | O30: Mobility | P30: 2499 | Q30: 1999 | R30: 1999 | S30: 1874.25 | T30: 0 | U30: 28 | V30: 222 | W30: 21 | X30: 43 | Y30: 314
A31: SC-MBJRFTDSHEET-Q-78x60 | B31: SC-MBJRFTDSHEET-Q-78x60 | C31: B0CTTMM1S1 | D31: SC-ASF-MBJRFTDSHEET-Q-78x60 | E31: active | F31: #N/A | H31: SC-A-MBJRFTDSHEET-Q-78x60 | I31: active | J31: SC-F-MBJRFTDSHEET-Q-78x60 | K31: SC-M-MBJRFTDSHEET-Q-78x60 | L31: 31818392 | M31: #N/A | N31: Jersey Fitted Bed sheet | O31: Bedding | P31: 1989 | Q31: 1799 | R31: 1799 | S31: 1690.65 | T31: 43 | U31: 26 | V31: 90 | W31: 45 | X31: 93 | Y31: 297
A32: SC-SLMMFPILWSET1-BAM-S-25x15 | B32: SC-SLMMFPILWSET1-BAM-S-25x15 | C32: B0GVF93GX9 | D32: SC-ASF-SLMMFPILWSET1-BAM-S-25x15 | E32: active | F32: #N/A | H32: #N/A | J32: SC-F-SLMMFPILWSET1-BAM-S-25x15 | K32: SC-M-SLMMFPILWSET1-BAM-S-25x15 | L32: #N/A | M32: #N/A | N32: Slim Pillow | O32: Pillows | P32: 1489 | Q32: 1414 | R32: 1414 | S32: 1299 | T32: 107 | U32: 83 | V32: 54 | W32: 27 | X32: 23 | Y32: 294
A33: SC-PKCOMF-D-90x100 | B33: SC-PKCOMF-D-90x100 | C33: B09BYWZCXM | D33: SC-ASF-PKCOMF-D-90x100 | E33: active | F33: #N/A | H33: SC-A-PKCOMF-D-90x100 | I33: active | J33: SC-F-PKCOMF-D-90x100 | K33: SC-M-PKCOMF-D-90x100 | L33: 31745301 | M33: FU1951905-S-PM41515 | N33: Reversible Comforter | O33: Bedding | P33: 2489 | Q33: 2098 | R33: 2099 | S33: 1999 | T33: 29 | U33: 27 | V33: 230 | W33: 0 | X33: 0 | Y33: 286
A34: SC-SLSTDVTCOVER-S-90x60 | B34: SC-SLSTDVTCOVER-S-90x60 | C34: B0CW9SHX3D | D34: SC-ASF-SLSTDVTCOVER-S-90x60 | E34: active | F34: #N/A | H34: SC-A-SLSTDVTCOVER-S-90x60 | I34: active | J34: SC-F-SLSTDVTCOVER-S-90x60 | K34: SC-M-SLSTDVTCOVER-S-90x60 | L34: #N/A | M34: #N/A | N34: Cotton Duvet cover | O34: Bedding | P34: 2089 | Q34: 1899 | R34: 1899 | S34: 1671.2 | T34: 78 | U34: 45 | V34: 87 | W34: 43 | X34: 30 | Y34: 283
A35: SC-PRPNPILWCS-S-28x18 | B35: SC-PRPNPILWCS-S-28x18 | C35: B0CWL52SCG | D35: SC-ASF-PRPNPILWCS-S-28x18 | E35: active | F35: #N/A | H35: SC-PRPNPILWCS-S-28x18 | I35: active | J35: SC-F-PRPNPILWCS-S-28x18 | K35: SC-M-PRPNPILWCS-S-28x18 | L35: #N/A | M35: #N/A | N35: Cotton Pillow Case | O35: Bedding | P35: 549 | Q35: 543.51 | R35: 549 | S35: 521.55 | T35: 21 | U35: 176 | V35: 26 | W35: 45 | X35: 0 | Y35: 268
A36: SC-PBC-BLACK | B36: SC-PBC-BLACK | C36: B0GLG771PX | D36: SC-ASF-PBC-BLACK | E36: active | F36: #N/A | H36: 0 | J36: SC-FK-PBC-BLACK | K36: SC-M-PBC-BLACK | L36: #N/A | M36: #N/A | N36: Mobility | O36: Mobility | P36: 1999 | Q36: 1599 | R36: 1599 | S36: 1499.25 | T36: 43 | U36: 18 | V36: 174 | W36: 16 | X36: 14 | Y36: 265
A37: SC-PROT-K-75x72 | B37: SC-PROT-K-75x72 | C37: B0822W6ZCG | D37: SC-ASF-P-75x72 | E37: active | F37: #N/A | H37: SCMP7572 | I37: active | J37: SC-F-PROT-K-75x72 | K37: SC-M-PROT-K-75x72 | L37: 31862314 | M37: #N/A | N37: Protector | O37: Bedding | P37: 1089 | Q37: 1035 | R37: 1035 | S37: 980.1 | T37: 19 | U37: 11 | V37: 130 | W37: 0 | X37: 95 | Y37: 255
A38: SC-STDMFTDSHEET-Q-78x60 | B38: SC-STDMFTDSHEET-Q-78x60 | C38: B0DDCGMXH2 | D38: SC-ASF-STDMFTDSHEET-Q-78x60 | E38: active | F38: #N/A | H38: SC-A-STDMFTDSHEET-Q-78x60 | I38: active | J38: SC-F-STDMFTDSHEET-Q-78x60 | K38: SC-M-STDMFTDSHEET-Q-78x60 | L38: 31818410 | M38: #N/A | N38: Sateen Fitted Sheets | O38: Bedding | P38: 2649 | Q38: 2164 | R38: 2199 | S38: 2119.2 | T38: 26 | U38: 42 | V38: 76 | W38: 44 | X38: 53 | Y38: 241
A39: SC-TBLDVTCOVER-S-90x60 | B39: SC-TBLDVTCOVER-S-90x60 | C39: B0CW9SGV8H | D39: SC-ASF-TBLDVTCOVER-S-90x60 | E39: active | F39: #N/A | H39: SC-A-TBLDVTCOVER-S-90x60 | I39: active | J39: SC-F-TBLDVTCOVER-S-90x60 | K39: SC-M-TBLDVTCOVER-S-90x60 | L39: #N/A | M39: #N/A | N39: Cotton Duvet cover | O39: Bedding | P39: 2089 | Q39: 1627 | R39: 1899 | S39: 1671.2 | T39: 56 | U39: 27 | V39: 96 | W39: 27 | X39: 31 | Y39: 237
A40: SC-CNC-BLK-SMALL | B40: SC-CNC-BLK-SMALL | C40: B0GQ3QQFJ1 | D40: SC-ASF-CNC-BLK-SMALL | E40: active | F40: #N/A | G40: #N/A | H40: 0 | I40: 0 | J40: 0 | K40: SC-M-CNC-BLK-SMALL | L40: #N/A | M40: #N/A | N40: Mobility | O40: Mobility | P40: 1299 | Q40: 999 | R40: 999 | S40: 974.25 | T40: 0 | U40: 0 | V40: 229 | W40: 0 | X40: 0 | Y40: 229
A41: SC-PROT-K-72x72 | B41: SC-PROT-K-72x72 | C41: B0822WG76C | D41: SC-ASF-P-72x72 | E41: active | F41: #N/A | H41: SCMP7272 | I41: active | J41: SC-F-PROT-K-72x72 | K41: SC-M-PROT-K-72x72 | L41: 31862333 | M41: #N/A | N41: Protector | O41: Bedding | P41: 1089 | Q41: 1035 | R41: 1035 | S41: 980.1 | T41: 4 | U41: 11 | V41: 193 | W41: 0 | X41: 21 | Y41: 229
A42: SC-PRPNDVTCOVER-D-90x100 | B42: SC-PRPNDVTCOVER-D-90x100 | C42: B0C33B9K2X | D42: SC-ASF-PRPNDVTCOVER-D-90x100 | E42: inactive | F42: #N/A | H42: SC-PRPNDVTCOVER-D-90x100 | I42: inactive | J42: SC-PRPNDVTCOVER-D-90x100 | K42: SC-M-PRPNDVTCOVER-D-90x100 | L42: #N/A | M42: #N/A | N42: Cotton Duvet cover | O42: Bedding | P42: 2789 | Q42: 2499 | R42: 2499 | S42: 2231.2 | T42: 37 | U42: 31 | V42: 52 | W42: 62 | X42: 36 | Y42: 218
A43: SC-COOLFLEXPILW-S-24x16 | B43: SC-COOLFLEXPILW-S-24x16 | C43: B0F8NDLRLC | D43: SC-ASF-COOLFLEXPILW-S-24x16 | E43: active | F43: #N/A | G43: #N/A | H43: SC-A-COOLFLEXPILW-S-24x16 | I43: active | J43: SC-F-COOLFLEXPILW-S-24x16 | K43: SC-M-COOLFLEXPILW-S-24x16 | L43: #N/A | M43: #N/A | N43: Grid Pillow | O43: Pillows | P43: 2989 | Q43: 2548 | R43: 2599 | S43: 2499 | T43: 47 | U43: 50 | V43: 50 | W43: 20 | X43: 46 | Y43: 213
A44: SC-WEDGE-BLACK | B44: SC-WEDGE-BLACK | C44: B0GLG7C4KJ | D44: SC-ASF-WEDGE-BLACK | E44: active | F44: #N/A | H44: 0 | J44: SC-FK-WEDGE-BLACK | K44: SC-M-WEDGE-BLACK | L44: #N/A | M44: #N/A | N44: Wedge Pillow | O44: Mobility | P44: 2499 | Q44: 1999 | R44: 1999 | S44: 1874.25 | T44: 25 | U44: 33 | V44: 139 | W44: 3 | X44: 9 | Y44: 209
A45: SC-BABY-S-48x24x4 | B45: SC-BABY-S-48x24x4 | C45: B07Y37P1T3 | D45: SC-FLEX-48x24x4 | E45: active | F45: #N/A | G45: #N/A | H45: scbaby_48244 | I45: active | J45: SC-BABY48244 | K45: SC-M-BABY-S-48x24x4 | L45: #N/A | M45: FU1844867-S-PM41515 | N45: Baby Mattress | O45: Mattress | P45: 2999 | Q45: 2249 | R45: 2199 | S45: 1949 | T45: 49 | U45: 4 | V45: 117 | W45: 4 | X45: 21 | Y45: 195
A46: SC-DGRDVTCOVER-D-90x100 | B46: SC-DGRDVTCOVER-D-90x100 | C46: B0BMPJ95X7 | D46: SC-ASF-DGRDVTCOVER-D-90x100 | E46: active | F46: #N/A | G46: #N/A | H46: SC-DGRDVTCOVER-D-90x100 | I46: active | J46: SC-DGRDVTCOVER-D-90x100 | K46: SC-M-DGRDVTCOVER-D-90x100 | L46: #N/A | M46: FU2113626-S-PM41515 | N46: Cotton Duvet cover | O46: Bedding | P46: 2789 | Q46: 2499 | R46: 2499 | S46: 2231.2 | T46: 23 | U46: 36 | V46: 70 | W46: 35 | X46: 30 | Y46: 194
A47: SC-LSC-BLACK | B47: SC-LSC-BLACK | C47: B0GLG6Q55V | D47: SC-ASF-LSC-BLACK | E47: active | F47: #N/A | H47: 0 | J47: SC-FK-LSC-BLACK | K47: SC-M-LSC-M-BLACK | L47: #N/A | M47: #N/A | N47: Mobility | O47: Mobility | P47: 1249 | Q47: 999 | R47: 999 | S47: 936.75 | T47: 35 | U47: 32 | V47: 54 | W47: 21 | X47: 39 | Y47: 181
A48: SC-ORIG-K-78x72x6 | B48: SC-ORIG-K-78x72x6 | C48: B0732Y4N37 | D48: SC-FLEX1-ORIG-K-78x72x6 | E48: active | F48: #N/A | H48: 0 | J48: SC78726 | K48: SC-M-ORIG-K-78x72x6 | L48: 31999082 | M48: FU1844874-S-PM41515-78x72 | N48: Original Mattress | O48: Mattress | P48: 18399 | Q48: 14903 | R48: 15999 | S48: 13983.24 | T48: 22 | U48: 10 | V48: 145 | W48: 0 | X48: 1 | Y48: 178
A49: SC-WNTRCOMF-D-90x100 | B49: SC-WNTRCOMF-D-90x100 | C49: B0BM9RZ1DT | D49: SC-FLEX-WNTRCOMF-D-90x100 | E49: active | F49: #N/A | G49: #N/A | H49: SC-WNTRCOMF-D-90x100 | I49: active | J49: SC-WNTRCOMF-D-90x100 | K49: SC-M-WNTRCOMF-D-90x100 | L49: 31745305 | M49: #N/A | N49: Winter Comforter | O49: Bedding | P49: 3989 | Q49: 3391 | R49: 3399 | S49: 3191.2 | T49: 0 | U49: 0 | V49: 169 | W49: 0 | X49: 0 | Y49: 169
A50: SC-PROT-D-72x48 | B50: SC-PROT-D-72x48 | C50: B0822VTPQ4 | D50: SC-ASF-P-72x48 | E50: active | F50: #N/A | H50: SCMP7248 | I50: active | J50: SC-F-P-72x48 | K50: SC-M-PROT-D-72x48 | L50: 31862325 | M50: #N/A | N50: Protector | O50: Bedding | P50: 889 | Q50: 845 | R50: 845 | S50: 800.1 | T50: 10 | U50: 0 | V50: 89 | W50: 0 | X50: 47 | Y50: 146
A51: SC-CNC-BL-SMALL | B51: SC-CNC-BL-SMALL | C51: B0GQ3VXL41 | D51: SC-ASF-CNC-BL-SMALL | E51: active | F51: #N/A | G51: #N/A | H51: 0 | I51: 0 | J51: 0 | K51: SC-M-CNC-BL-SMALL | L51: #N/A | M51: #N/A | N51: Mobility | O51: Mobility | P51: 1299 | Q51: 999 | R51: 999 | S51: 974.25 | T51: 4 | U51: 5 | V51: 130 | W51: 0 | X51: 5 | Y51: 144
A52: SC-PRPNFTDSHEET-S-78x36 | B52: SC-PRPNFTDSHEET-S-78x36 | C52: 0 | D52: #N/A | F52: #N/A | H52: #N/A | J52: 0 | K52: #N/A | L52: #N/A | M52: #N/A | N52: #N/A | O52: #N/A | P52: #REF! | Q52: #N/A | R52: #N/A | S52: #N/A | T52: 42 | U52: 27 | V52: 35 | W52: 13 | X52: 27 | Y52: 144
A53: SC-OBCHDVTCOVER-S-90x60 | B53: SC-OBCHDVTCOVER-S-90x60 | C53: B0CW9Q6SQ1 | D53: SC-ASF-OBCHDVTCOVER-S-90x60 | E53: active | F53: #N/A | H53: SC-A-OBCHDVTCOVER-S-90x60 | I53: active | J53: SC-FK-OBCHDVTCOVER-S-90x60 | K53: SC-M-OBCHDVTCOVER-S-90x60 | L53: #N/A | M53: #N/A | N53: Cotton Duvet cover | O53: Bedding | P53: 2089 | Q53: 1899 | R53: 1899 | S53: 1671.2 | T53: 18 | U53: 20 | V53: 46 | W53: 28 | X53: 28 | Y53: 140
A54: SC-PTMMCOMF-D-90x100 | B54: SC-PTMMCOMF-D-90x100 | C54: B0FR3CDSVC | D54: SC-ASF-PTMMCOMF-D-90x100 | E54: active | F54: #N/A | H54: 0 | J54: SC-F-PTMMCOMF-D-90x100 | K54: SC-M-PTMMCOMF-D-90x100 | L54: #N/A | M54: #N/A | N54: Reversible Comforter | O54: Bedding | P54: 2689 | Q54: 2268 | R54: 2299 | S54: 2285.65 | T54: 33 | U54: 0 | V54: 105 | W54: 0 | X54: 0 | Y54: 138
A55: SC-PROT-D-75x48 | B55: SC-PROT-D-75x48 | C55: B0822XBCF1 | D55: SC-ASF-P-75x48 | E55: active | F55: #N/A | H55: SCMP7548 | I55: active | J55: SCPROD75x48 | K55: SC-M-PROT-D-75x48 | L55: 31862349 | M55: #N/A | N55: Protector | O55: Bedding | P55: 889 | Q55: 845 | R55: 845 | S55: 800.1 | T55: 5 | U55: 46 | V55: 52 | W55: 0 | X55: 34 | Y55: 137
A56: SC-TBLPILWCS-C-52x20 | B56: SC-TBLPILWCS-C-52x20 | C56: B0CWL9Y811 | D56: SC-ASF-TBLPILWCS-C-52x20 | E56: active | F56: SC-FLEX-TBLPILWCS-C-52x20 | G56: active | H56: SC-TBLPILWCS-C-52x20 | I56: active | J56: SC-F-TBLPILWCS-C-52x20 | K56: SC-M-TBLPILWCS-C-52x20 | L56: #N/A | M56: #N/A | N56: Cotton Pillow Case | O56: Bedding | P56: 499 | Q56: 494.01 | R56: 499 | S56: 474.05 | T56: 46 | U56: 0 | V56: 90 | W56: 0 | X56: 0 | Y56: 136
A57: SC-AURORAMUSLN-S-85X59 | B57: SC-AURORAMUSLN-S-85X59 | C57: B09XLTHD35 | D57: SC-ASF-AURORAMUSLN-S-59x85 | E57: active | F57: #N/A | G57: #N/A | H57: SC-A-AURORAMUSLN-S-59x85 | I57: active | J57: SC-F-AURORAMUSLN-S-59x85 | K57: SC-M-AURORAMUSLN-S-85X59 | L57: #N/A | M57: #N/A | N57: Muslin Throws | O57: Bedding | P57: 2999 | Q57: 2599 | R57: 2599 | S57: 2549.15 | T57: 19 | U57: 2 | V57: 94 | W57: 0 | X57: 15 | Y57: 130
A58: SC-NOVAMUSLN-S-85X59 | B58: SC-NOVAMUSLN-S-85X59 | C58: B09XLSN95V | D58: SC-ASF-NOVAMUSLN-S-59x85 | E58: active | F58: #N/A | H58: SC-A-NOVAMUSLN-S-59x85 | I58: active | J58: SC-F-NOVAMUSLN-S-59x85 | K58: SC-M-NOVAMUSLN-S-85X59 | L58: #N/A | M58: #N/A | N58: Muslin Throws | O58: Bedding | P58: 2999 | Q58: 2599 | R58: 2599 | S58: 2549.15 | T58: 9 | U58: 0 | V58: 104 | W58: 0 | X58: 15 | Y58: 128
A59: SC-STD-LTX-BAM-24x16 | B59: SC-STD-LTX-BAM-24x16 | C59: B0F2SWXPMT | D59: SC-FLEX-STD-LTX-BAM-24x16 | E59: active | F59: #N/A | H59: SC-A-STD-LTX-BAM-24x16 | I59: active | J59: SC-F-STD-LTX-BAM-24x16 | K59: SC-M-STD-LTX-BAM-24x16 | L59: #N/A | M59: #N/A | N59: Standard Latex Pillow | O59: Pillows | P59: 2589 | Q59: 2330 | R59: 2330 | S59: 2199 | T59: 20 | U59: 0 | V59: 71 | W59: 37 | X59: 0 | Y59: 128
A60: SC-MAZEMUSLN-S-85X59 | B60: SC-MAZEMUSLN-S-85X59 | C60: B09XLS3TTP | D60: SC-ASF-MAZEMUSLN-S-59x85 | E60: active | F60: #N/A | H60: SC-A-MAZEMUSLN-S-59x85 | I60: active | J60: SC-F-MAZEMUSLN-S-59x85 | K60: SC-M-MAZEMUSLN-S-85X59 | L60: #N/A | M60: #N/A | N60: Muslin Throws | O60: Bedding | P60: 2999 | Q60: 2599 | R60: 2599 | S60: 2549.15 | T60: 18 | U60: 0 | V60: 94 | W60: 0 | X60: 15 | Y60: 127
A61: SC-PROT-K-BL-78x72 | B61: SC-PROT-K-BL-78x72 | C61: B0DVGNY2GM | D61: SC-A-PROT-K-BL-78x72 | E61: active | F61: #N/A | H61: 0 | J61: SC-F-PROT-K-BL-78x72 | K61: SC-M-PROT-K-BL-78x72 | L61: #N/A | M61: #N/A | N61: Protector | O61: Bedding | P61: 1089 | Q61: 1035 | R61: 1035 | S61: 980.1 | T61: 28 | U61: 62 | V61: 15 | W61: 0 | X61: 18 | Y61: 123
A62: SC-PROT-D-78x48 | B62: SC-PROT-D-78x48 | C62: B0822VYH6P | D62: SC-ASF-P-78x48 | E62: active | F62: #N/A | H62: SCMP7848 | I62: active | J62: SC-F-PROT-D-78x48 | K62: SC-M-PROT-D-78x48 | L62: 31862345 | M62: #N/A | N62: Protector | O62: Bedding | P62: 889 | Q62: 845 | R62: 845 | S62: 800.1 | T62: 1 | U62: 0 | V62: 106 | W62: 0 | X62: 13 | Y62: 120
A63: SC-PROT-Q-78x66 | B63: SC-PROT-Q-78x66 | C63: B0822XLRG1 | D63: SC-ASF-P-78x66 | E63: active | F63: #N/A | H63: SCMP7866 | I63: active | J63: SC-F-PROT-Q-78x66 | K63: SC-M-PROT-Q-78x66 | L63: 31862339 | M63: #N/A | N63: Protector | O63: Bedding | P63: 1049 | Q63: 997 | R63: 999 | S63: 944.1 | T63: 44 | U63: 25 | V63: 25 | W63: 0 | X63: 23 | Y63: 117
A64: SC-STMRPILWCS-K-32x20 | B64: SC-STMRPILWCS-K-32x20 | C64: B0DDCPDLV5 | D64: SC-ASF-STMRPILWCS-K-32x20 | E64: active | F64: #N/A | H64: SC-A-STMRPILWCS-K-32x20 | I64: active | J64: SC-F-STMRPILWCS-K-32x20 | K64: SC-M-STMRPILWCS-K-32x20 | L64: #N/A | M64: #N/A | N64: Sateen Pillow Case | O64: Bedding | P64: 999 | Q64: 899 | R64: 899 | S64: 849.15 | T64: 12 | U64: 8 | V64: 40 | W64: 15 | X64: 42 | Y64: 117
A65: SC-PROT-S-72x36 | B65: SC-PROT-S-72x36 | C65: B0822W49Z9 | D65: SC-ASF-P-72x36 | E65: active | F65: #N/A | H65: SCMP7236 | I65: active | J65: SC-F-PROT-S-72x36 | K65: SC-M-PROT-S-72x36 | L65: 31862312 | M65: #N/A | N65: Protector | O65: Bedding | P65: 789 | Q65: 750 | R65: 750 | S65: 710.1 | T65: 11 | U65: 0 | V65: 87 | W65: 0 | X65: 15 | Y65: 113
A66: SC-WEDGE-BL | B66: SC-WEDGE-BL | C66: B0FLF9PR8K | D66: SC-ASF-WEDGE-BL | E66: active | F66: #N/A | H66: 0 | J66: SC-F-WEDGE-BL | K66: SC-M-WEDGE-BL | L66: #N/A | M66: #N/A | N66: Wedge Pillow | O66: Pillows | P66: 2499 | Q66: 1999 | R66: 1999 | S66: 1899 | T66: 0 | U66: 14 | V66: 99 | W66: 0 | X66: 0 | Y66: 113
A67: SC-SLSTPILWCS-C-52x20 | B67: SC-SLSTPILWCS-C-52x20 | C67: B0CWL4SRMC | D67: SC-FLEX-SLSTPILWCS-C-52x20 | E67: active | F67: #N/A | G67: #N/A | H67: SC-SLSTPILWCS-C-52x20 | I67: active | J67: SC-F-SLSTPILWCS-C-F-52x20 | K67: SC-M-SLSTPILWCS-C-52x20 | L67: #N/A | M67: #N/A | N67: Cotton Pillow Case | O67: Bedding | P67: 549 | Q67: 543.51 | R67: 549 | S67: 521.55 | T67: 15 | U67: 0 | V67: 58 | W67: 30 | X67: 6 | Y67: 109
A68: SC-SUMPKCOMF-D-90x100 | B68: SC-SUMPKCOMF-D-90x100 | C68: B0FCMD3F6P | D68: SC-ASF-SUMPKCOMF-D-90x100 | E68: active | F68: #N/A | H68: SC-A-SUMPKCOMF-D-90x100 | I68: active | J68: SC-F-SUMPKCOMF-D-90x100 | K68: SC-M-SUMPKCOMF-D-90x100 | L68: #N/A | M68: #N/A | N68: Summer AC Comforter | O68: Bedding | P68: 2289 | Q68: 1999 | R68: 1999 | S68: 1945.65 | T68: 0 | U68: 29 | V68: 74 | W68: 0 | X68: 0 | Y68: 103
A69: SC-TBLFTDSHEET-K-75x72 | B69: SC-TBLFTDSHEET-K-75x72 | C69: 0 | D69: #N/A | F69: #N/A | H69: #N/A | J69: 0 | K69: #N/A | L69: #N/A | M69: #N/A | N69: #N/A | O69: #N/A | P69: #REF! | Q69: #N/A | R69: #N/A | S69: #N/A | T69: 36 | U69: 19 | V69: 15 | W69: 12 | X69: 18 | Y69: 100
A70: SC-TBLDVTCOVER-D-90x100 | B70: SC-TBLDVTCOVER-D-90x100 | C70: B0BMPSBSDZ | D70: SC-ASF-TBLDVTCOVER-D-90x100 | E70: active | F70: #N/A | H70: SC-TBLDVTCOVER-D-90x100 | I70: active | J70: SC-TBLDVTCOVER-D-90x100 | K70: SC-M-TBLDVTCOVER-D-90x100 | L70: #N/A | M70: FU2113627-S-PM41515 | N70: Cotton Duvet cover | O70: Bedding | P70: 2789 | Q70: 2499 | R70: 2499 | S70: 2231.2 | T70: 35 | U70: 15 | V70: 38 | W70: 10 | X70: 1 | Y70: 99
A71: SC-ORIG-K-78x72x8 | B71: SC-ORIG-K-78x72x8 | C71: B07JM7GQG4 | D71: SC-FLEX-78x72x8 | E71: active | F71: SC-LS-ORIG-K-78x72x8 | G71: closed | H71: SC 78x72x8 | I71: active | J71: SCP78728 | K71: SC-M-ORIG-K-78x72x8 | L71: 31999064 | M71: FU1982574-S-PM41515-78x72 | N71: Original Mattress | O71: Mattress | P71: 21199 | Q71: 17171 | R71: 18399 | S71: 16111.24 | T71: 27 | U71: 0 | V71: 71 | W71: 0 | X71: 0 | Y71: 98
A72: SC-FIMTTOPPER-D-72x48 | B72: SC-FIMTTOPPER-D-72x48 | C72: B0D2X7G46F | D72: SC-ASF-FIMTTOPPER-D-72x48 | E72: active | F72: #N/A | G72: #N/A | H72: SC-A-FIMTTOPPER-D-72x48 | I72: OOS | J72: SC-F-FIMTTOPPER-D-72x48 | K72: SC-M-FIMTTOPPER-D-72x48 | L72: #N/A | M72: #N/A | N72: Microfiber topper | O72: Bedding | P72: 5499 | Q72: 4399 | R72: 4899 | S72: 4124.25 | T72: 17 | U72: 2 | V72: 75 | W72: 0 | X72: 3 | Y72: 97
A73: SC-MFPILW-CLT-C-25x16 | B73: SC-MFPILW-CLT-C-25x16 | C73: B09XFFBND4 | D73: SC-ASF-CON-MFPILW-CLT-25x16 | E73: active | H73: SC-A-CON-MFPILW-CLT-25x16 | I73: active | J73: SC-F-CON-MFPILW-CLT-24x14 | K73: SC-M-MFPILW-CLT-C-25x16 | L73: 32777656 | M73: FU1985088-S-PM41515 | N73: Contour Bamboo MF Pillow | O73: Pillows | P73: 2989 | Q73: 1999 | R73: 1999 | S73: 1899 | T73: 96 | U73: 0 | V73: 0 | W73: 0 | X73: 0 | Y73: 96
A74: SC-BWJRFTDSHEET-K-72x72 | B74: SC-BWJRFTDSHEET-K-72x72 | C74: B0CTTH6KD5 | D74: SC-ASF-BWJRFTDSHEET-K-72x72 | E74: OOS | F74: #N/A | G74: #N/A | H74: SC-A-BWJRFTDSHEET-K-72x72 | I74: active | J74: SC-F-BWJRFTDSHEET-K-72x72 | K74: SC-M-BWJRFTDSHEET-K-72x72 | L74: 31818379 | M74: #N/A | N74: Jersey Fitted Bed sheet | O74: Bedding | P74: 2189 | Q74: 1999 | R74: 1999 | S74: 1860.65 | T74: 0 | U74: 0 | V74: 95 | W74: 0 | X74: 0 | Y74: 95
A75: SC-MFPILW-BAM-P-28x18 | B75: SC-MFPILW-BAM-P-28x18 | C75: B096RZ5P5C | D75: SC-ASF-MFPILW-P-28x18 | E75: active | F75: #N/A | H75: SC-A-MFPILW-P-28x18 | I75: OOS | J75: SC-FK-MFPILW-S1-P-28x18 | K75: SC-M-MFPILW-BAM-P-28x18 | L75: #N/A | M75: FU1985093-S-PM41515 | N75: Memory Foam Pillow | O75: Pillows | P75: 2489 | Q75: 1999 | R75: 1999 | S75: 1599 | T75: 64 | U75: 1 | V75: 0 | W75: 0 | X75: 29 | Y75: 94
A76: SC-MRQLTPROT-K-78x72 | B76: SC-MRQLTPROT-K-78x72 | C76: B0GGSRNGHJ | D76: SC-ASF-MRQLTPROT-K-78x72 | E76: OOS | F76: #N/A | H76: 0 | J76: SC-F-MRQLTPROT-K-78x72 | K76: SC-M-MRQLTPROT-K-78x72 | L76: #N/A | M76: #N/A | N76: Protector | O76: Bedding | P76: 1699 | Q76: 1614 | R76: 1614 | S76: 1529.1 | T76: 0 | U76: 29 | V76: 61 | W76: 0 | X76: 3 | Y76: 93
A77: SC-SUMCOMF-D-90x100 | B77: SC-SUMCOMF-D-90x100 | C77: B0FCMKFPK3 | D77: SC-ASF-SUMCOMF-D-90x100 | E77: active | F77: #N/A | H77: SC-A-SUMCOMF-D-90x100 | I77: active | J77: SC-F-SUMCOMF-D-90x100 | K77: SC-M-SUMCOMF-D-90x100 | L77: #N/A | M77: #N/A | N77: Summer AC Comforter | O77: Bedding | P77: 2289 | Q77: 1999 | R77: 1999 | S77: 1945.65 | T77: 10 | U77: 38 | V77: 45 | W77: 0 | X77: 0 | Y77: 93
A78: SC-OBCHDVTCOVER-D-90x100 | B78: SC-OBCHDVTCOVER-D-90x100 | C78: B0BZVR2WCP | D78: SC-ASF-OBCHDVTCOVER-D-90x100 | E78: active | F78: #N/A | H78: SC-OBCHDVTCOVER-D-90x100 | I78: active | J78: SC-OBCHDVTCOVER-D-90x100 | K78: SC-M-OBCHDVTCOVER-D-90x100 | L78: #N/A | M78: FU2113629-S-PM41515 | N78: Cotton Duvet cover | O78: Bedding | P78: 2989 | Q78: 2699 | R78: 2699 | S78: 2391.2 | T78: 20 | U78: 0 | V78: 62 | W78: 0 | X78: 10 | Y78: 92
A79: SC-COMF-S-90x60 | B79: SC-COMF-S-90x60 | C79: B08KTCLX7R | D79: SC-ASF-RDUVET-S-90x60 | E79: active | F79: #N/A | G79: #N/A | H79: SC-A-RDUVET-S-90x60 | I79: active | J79: SC-F-COMF90x60 | K79: SC-M-COMF-S-90x60 | L79: 31745296 | M79: FU1889540-S-PM41515 | N79: Reversible Comforter | O79: Bedding | P79: 1879 | Q79: 1587 | R79: 1599 | S79: 1597.15 | T79: 0 | U79: 24 | V79: 67 | W79: 0 | X79: 0 | Y79: 91
A80: SC-WTQLTPROT-S-72x36 | B80: SC-WTQLTPROT-S-72x36 | C80: B0GGSSS5Z8 | D80: SC-ASF-WTQLTPROT-S-72x36 | E80: active | F80: #N/A | H80: 0 | J80: SC-F-WTQLTPROT-S-72x36 | K80: SC-M-WTQLTPROT-S-72x36 | L80: #N/A | M80: #N/A | N80: Protector | O80: Bedding | P80: 999 | Q80: 949 | R80: 949 | S80: 899.1 | T80: 10 | U80: 0 | V80: 75 | W80: 0 | X80: 5 | Y80: 90
A81: SC-PRPNPILWCS-C-52x20 | B81: SC-PRPNPILWCS-C-52x20 | C81: B0CWL63BQ3 | D81: SC-FLEX-PRPNPILWCS-C-52x20 | E81: active | F81: #N/A | G81: #N/A | H81: SC-PRPNPILWCS-C-52x20 | I81: active | J81: SC-F-PRPNPILWCS-C-52x20 | K81: SC-M-PRPNPILWCS-C-52x20 | L81: #N/A | M81: #N/A | N81: Cotton Pillow Case | O81: Bedding | P81: 499 | Q81: 494.01 | R81: 499 | S81: 474.05 | T81: 0 | U81: 0 | V81: 89 | W81: 0 | X81: 0 | Y81: 89
A82: SC-STDMPILWCS-S-28x18 | B82: SC-STDMPILWCS-S-28x18 | C82: B0DDCNGK8X | D82: SC-ASF-STDMPILWCS-S-28x18 | E82: active | F82: SC-FLEX-STDMPILWCS-S-28x18 | G82: closed | H82: SC-A-STDMPILWCS-S-28x18 | I82: active | J82: SC-F-STDMPILWCS-S-28x18 | K82: SC-M-STDMPILWCS-S-28x18 | L82: #N/A | M82: #N/A | N82: Sateen Pillow Case | O82: Bedding | P82: 899 | Q82: 809 | R82: 809 | S82: 764.15 | T82: 0 | U82: 0 | V82: 87 | W82: 0 | X82: 0 | Y82: 87
A83: SC-FIMTTOPPER-S-72x36 | B83: SC-FIMTTOPPER-S-72x36 | C83: B0D2X51KKW | D83: SC-ASF-FIMTTOPPER-S-72x36 | E83: active | F83: #N/A | G83: #N/A | H83: SC-A-FIMTTOPPER-S-72x36 | I83: OOS | J83: SC-F-FIMTTOPPER-S-72x36 | K83: SC-M-FIMTTOPPER-S-72x36 | L83: #N/A | M83: #N/A | N83: Microfiber topper | O83: Bedding | P83: 4499 | Q83: 3599 | R83: 3999 | S83: 3374.25 | T83: 17 | U83: 0 | V83: 62 | W83: 0 | X83: 7 | Y83: 86
A84: SC-TBLFTDSHEET-D-78x48 | B84: SC-TBLFTDSHEET-D-78x48 | C84: 0 | D84: #N/A | F84: #N/A | H84: #N/A | J84: 0 | K84: #N/A | L84: #N/A | M84: #N/A | N84: #N/A | O84: #N/A | P84: #REF! | Q84: #N/A | R84: #N/A | S84: #N/A | T84: 18 | U84: 20 | V84: 29 | W84: 4 | X84: 15 | Y84: 86
A85: SC-EGWTLUXCOMF-D-90x100 | B85: SC-EGWTLUXCOMF-D-90x100 | C85: B0B3RD254F | D85: SC-ASF-EGWTLUXCOMF-D-90x100 | E85: active | F85: #N/A | G85: #N/A | H85: SC-EGWTLUXCOMF-D-90x100 | I85: active | J85: SC-EGWTLUXCOMF-D-90x100 | K85: SC-M-EGWTLUXCOMF-D-90x100 | L85: 31745304 | M85: FU2016437-S-PM41515 | N85: Luxe Comforter | O85: Bedding | P85: 5489 | Q85: 4999 | R85: 4999 | S85: 4665.65 | T85: 0 | U85: 18 | V85: 64 | W85: 3 | X85: 0 | Y85: 85
A86: SC-TBLPILWCS-P-32x20 | B86: SC-TBLPILWCS-P-32x20 | C86: B0CWL5YBZ6 | D86: SC-FLEX-TBLPILWCS-P-32x20 | E86: OOS | F86: #N/A | G86: #N/A | H86: SC-TBLPILWCS-P-32x20 | I86: active | J86: SC-F-TBLPILWCS-P-32x20 | K86: SC-M-TBLPILWCS-P-32x20 | L86: #N/A | M86: #N/A | N86: Cotton Pillow Case | O86: Bedding | P86: 649 | Q86: 642.51 | R86: 649 | S86: 616.55 | T86: 42 | U86: 0 | V86: 43 | W86: 0 | X86: 0 | Y86: 85
A87: SC-NBQLTPROT-K-78x72 | B87: SC-NBQLTPROT-K-78x72 | C87: B0GGSGLGP3 | D87: SC-ASF-NBQLTPROT-K-78x72 | E87: OOS | F87: #N/A | H87: 0 | J87: SC-F-NBQLTPROT-K-78x72 | K87: SC-M-NBQLTPROT-K-78x72 | L87: #N/A | M87: #N/A | N87: Protector | O87: Bedding | P87: 1699 | Q87: 1614 | R87: 1614 | S87: 1529.1 | T87: 0 | U87: 27 | V87: 35 | W87: 0 | X87: 21 | Y87: 83
A88: SC-SSC-BLACK | B88: SC-SSC-BLACK | C88: B0GLGLW96N | D88: SC-ASF-SSC-BLACK | E88: active | F88: #N/A | H88: 0 | J88: SC-FK-SSC-BLACK | K88: SC-M-SSC-M-BLACK | L88: #N/A | M88: #N/A | N88: Mobility | O88: Mobility | P88: 1999 | Q88: 1599 | R88: 1599 | S88: 1499.25 | T88: 15 | U88: 2 | V88: 62 | W88: 4 | X88: 0 | Y88: 83
A89: SC-DGRFTDSHEET-K-78x72 | B89: SC-DGRFTDSHEET-K-78x72 | C89: B0BF4ZF9PC | D89: SC-ASF-DGRFTDSHEET-K-78x72 | E89: active | F89: #N/A | G89: #N/A | H89: SC-DGRFTDSHEET-K-78x72 | I89: active | J89: SC-F-DGRFTDSHEET-K-78x72 | K89: SC-M-DGRFTDSHEET-K-78x72 | L89: 31818451 | M89: FU2048772-S-PM41515 | N89: Cotton Fitted Bedsheet | O89: Bedding | P89: 2189 | Q89: 1792 | R89: 1799 | S89: 1641.75 | T89: 14 | U89: 16 | V89: 48 | W89: 4 | X89: 0 | Y89: 82
A90: SC-STIVPILWCS-C-52x20 | B90: SC-STIVPILWCS-C-52x20 | C90: B0DDCN7MWS | D90: SC-FLEX-STIVPILWCS-C-52x20 | E90: active | F90: #N/A | G90: #N/A | H90: SC-A-STIVPILWCS-C-52x20 | I90: active | J90: SC-F-STIVPILWCS-C-52x20 | K90: SC-M-STIVPILWCS-C-52x20 | L90: #N/A | M90: #N/A | N90: Sateen Pillow Case | O90: Bedding | P90: 799 | Q90: 719 | R90: 719 | S90: 679.15 | T90: 2 | U90: 4 | V90: 47 | W90: 14 | X90: 13 | Y90: 80
A91: SC-HYB-LATEX-K-78x72x6 | B91: SC-HYB-LATEX-K-78x72x6 | C91: B09XFKM8V6 | D91: SC-SF-HYB-LATEX-K-78x72x6 | E91: active | F91: #N/A | G91: #N/A | H91: SC-A-HYB-LATEX-K-78x72x6 | I91: active | J91: SC-F-HYB-LATEX-K-78x72x6 | K91: SC-M-HYB-LATEX-K-78x72x6 | L91: 31999063 | M91: FU1982565-S-PM41515-78x72 | N91: Hybrid Latex Mattress | O91: Mattress | P91: 20699 | Q91: 17387 | R91: 18599 | S91: 16559.2 | T91: 38 | U91: 7 | V91: 32 | W91: 1 | X91: 0 | Y91: 78
A92: SC-STDMPILWCS-K-32x20 | B92: SC-STDMPILWCS-K-32x20 | C92: B0DDCQX4K1 | D92: SC-FLEX-STDMPILWCS-K-32x20 | E92: active | F92: #N/A | G92: #N/A | H92: SC-A-STDMPILWCS-K-32x20 | I92: active | J92: SC-F-STDMPILWCS-K-32x20 | K92: SC-M-STDMPILWCS-K-32x20 | L92: #N/A | M92: #N/A | N92: Sateen Pillow Case | O92: Bedding | P92: 999 | Q92: 899 | R92: 899 | S92: 849.15 | T92: 8 | U92: 0 | V92: 56 | W92: 6 | X92: 7 | Y92: 77
A93: SC-WTQLTPROT-K-78x72 | B93: SC-WTQLTPROT-K-78x72 | C93: B0GGSSD91D | D93: SC-ASF-WTQLTPROT-K-78x72 | E93: active | F93: #N/A | H93: 0 | J93: SC-F-WTQLTPROT-K-78x72 | K93: SC-M-WTQLTPROT-K-78x72 | L93: #N/A | M93: #N/A | N93: Protector | O93: Bedding | P93: 1699 | Q93: 1614 | R93: 1614 | S93: 1529.1 | T93: 17 | U93: 12 | V93: 40 | W93: 0 | X93: 8 | Y93: 77
A94: SC-ORIG-D-72x48x5 | B94: SC-ORIG-D-72x48x5 | C94: B0G2599S6F | D94: SC-ASF-ORIG-D-72x48x5 | E94: active | F94: #N/A | H94: 0 | J94: SC-F-ORIG-D-72x48x5 | K94: SC-M-ORIG-D-72x48x5 | L94: #N/A | M94: #REF! | N94: Original Mattress | O94: Mattress | P94: 12489 | Q94: 10116 | R94: 10899 | S94: 9491.64 | T94: 6 | U94: 7 | V94: 51 | W94: 1 | X94: 11 | Y94: 76
A95: SC-ULTM-LATEX-Q-78x60x8 | B95: SC-ULTM-LATEX-Q-78x60x8 | C95: B0D58N5B2F | D95: SC-ASF-ULTM-LATEX-Q-78x60x8 | E95: active | F95: #N/A | H95: SC-A-ULTM-LATEX-Q-78x60x8 | I95: active | J95: SC-F-ULTM-LATEX-Q-78x60x8 | K95: SC-M-ULTM-LATEX-Q-78x60x8 | L95: 32784001 | M95: FU2205036-S-PM41515-78X60 | N95: Ultima Latex Mattress | O95: Mattress | P95: 31999 | Q95: 28799 | R95: 30399 | S95: 26879.16 | T95: 50 | U95: 11 | V95: 15 | W95: 0 | X95: 0 | Y95: 76
A96: SC-SLSTDVTCOVER-D-90x100 | B96: SC-SLSTDVTCOVER-D-90x100 | C96: B0C33D2QK2 | D96: SC-ASF-SLSTDVTCOVER-D-90x100 | E96: active | F96: #N/A | H96: SC-SLSTDVTCOVER-D-90x100 | I96: active | J96: SC-SLSTDVTCOVER-D-90x100 | K96: SC-M-SLSTDVTCOVER-D-90x100 | L96: #N/A | M96: #N/A | N96: Cotton Duvet cover | O96: Bedding | P96: 2989 | Q96: 2699 | R96: 2699 | S96: 2391.2 | T96: 9 | U96: 2 | V96: 46 | W96: 17 | X96: 1 | Y96: 75
A97: SC-ORIG-Q-75x60x8 | B97: SC-ORIG-Q-75x60x8 | C97: B07MBSJ553 | D97: SC-ASF-75x60x8 | E97: active | F97: #N/A | H97: SC 75x60x8 | I97: active | J97: SCP75608 | K97: SC-M-ORIG-Q-75x60x8 | L97: 31999077 | M97: FU1982573-S-PM41515-75x60 | N97: Original Mattress | O97: Mattress | P97: 17999 | Q97: 14579 | R97: 15699 | S97: 13679.24 | T97: 25 | U97: 5 | V97: 13 | W97: 17 | X97: 14 | Y97: 74
A98: SC-PROT-Q-BL-75x60 | B98: SC-PROT-Q-BL-75x60 | C98: B0DVGLV9DT | D98: SC-A-PROT-Q-BL-75x60 | E98: active | F98: #N/A | H98: 0 | J98: SC-F-PROT-Q-BL-75x60 | K98: SC-M-PROT-Q-BL-75x60 | L98: #N/A | M98: #N/A | N98: Protector | O98: Bedding | P98: 989 | Q98: 940 | R98: 940 | S98: 890.1 | T98: 6 | U98: 0 | V98: 19 | W98: 0 | X98: 47 | Y98: 72
A99: SC-FIMTTOPPER-S-78x36 | B99: SC-FIMTTOPPER-S-78x36 | C99: B0DCVGW9CD | D99: SC-ASF-FIMTTOPPER-S-78x36 | E99: relist | F99: #N/A | G99: #N/A | H99: SC-ASF-FIMTTOPPER-S-78x36 | I99: OOS | J99: SC-F-FIMTTOPPER-S-78x36 | K99: SC-M-FIMTTOPPER-S-78x36 | L99: #N/A | M99: #N/A | N99: Microfiber topper | O99: Bedding | P99: 4999 | Q99: 3999 | R99: 4599 | S99: 3749.25 | T99: 0 | U99: 0 | V99: 70 | W99: 0 | X99: 0 | Y99: 70
A100: SC-ULTM-Q-78x60x8 | B100: SC-ULTM-Q-78x60x8 | C100: B09XGNTMB7 | D100: SC-ASF-ULTM-Q-78x60x8 | E100: active | F100: #N/A | H100: SC-ULTM-Q-78x60x8 | I100: active | J100: SC-ULTM-Q-78x60x8 | K100: SC-M-ULTM-Q-78x60x8 | L100: 31999078 | M100: FU2005652-S-PM41515-78x60 | N100: Ultima Mattress | O100: Mattress | P100: 22999 | Q100: 20699 | R100: 21799 | S100: 17709.23 | T100: 41 | U100: 6 | V100: 18 | W100: 1 | X100: 4 | Y100: 70
...

Sheet Copy of New Master
A1: Master SKU | B1: Website SKU | C1: ASIN | D1: Flex-1 | E1: Flex Status | F1: Flex-2 | G1: Flex 2 Status | H1: SS | I1: SS Status | J1: Flipkart | K1: Myntra SKU | L1: Style I'd | M1: PPF | N1: PRODUCT | O1: CATEGORY | P1: MRP | Q1: 16TH TO 31ST SP | R1: New BAU 24 April | S1: May Art Event | T1: BLR | U1: MUM | V1: GGN | W1: CHN | X1: HYB | Y1: S&OP
A2: SC-CLPILW-S-27x18 | B2: SC-CLPILW-S-27x18 | C2: B08KT1QRHJ | D2: SC-A-ZIPILW-18x27 | E2: active | F2: SC-ASF-ZIPILW-18x27 | G2: active | H2: 0 | I2: 0 | J2: SC-F-CLPILW27x18 | K2: SC-M-CLPILW-S-27x18 | L2: 31629881 | M2: FU1885162-S-PM41515 | N2: Cloud Pillow | O2: Pillows | P2: 1189 | Q2: 999 | R2: 999 | S2: 949 | T2: 527 | U2: 383 | V2: 634 | W2: 342 | X2: 421 | Y2: 2307
A3: SC-LITEPILWPSET2-S-27X17 | B3: SC-LITEPILWPSET2-S-27X17 | C3: B0CV17V482 | D3: SC-A-LITEPILWPSET2-S-27X17 | E3: active | F3: #N/A | H3: SC-AS-LITEPILWPSET2-S-27X17 | I3: active | J3: SC-F-LITEPILWPSET2-S-27X17 | K3: SC-M-LITEPILWPSET2-S-27X17 | L3: 31645868 | M3: #N/A | N3: Fiber Lite | O3: Pillows | P3: 999 | Q3: 849 | R3: 849 | S3: 749 | T3: 435 | U3: 254 | V3: 106 | W3: 406 | X3: 298 | Y3: 1499
A4: SC-MFPILW-BAM-S-25x16 | B4: SC-MFPILW-BAM-S-25x16 | C4: B0822SXQGH | D4: SC-SF-MFPILW-26x16x4 | E4: active | F4: SC-ASF-MFPILW-26x16x4 | G4: active | H4: SCPWL2616 | I4: active | J4: SC-PILLOW | K4: SC-M-MFPILW-BAM-S-25x16 | L4: 31629886 | M4: FU1985094-S-PM41515 | N4: Memory Foam Pillow | O4: Pillows | P4: 1989 | Q4: 1099 | R4: 999 | S4: 949 | T4: 154 | U4: 385 | V4: 633 | W4: 2 | X4: 0 | Y4: 1174
A5: SC-SLMPILW-S-26X16 | B5: SC-SLMPILW-S-26X16 | C5: B09XBMFFZY | D5: SC-ASF-SLMPILW-S-26x16 | E5: active | F5: #N/A | H5: SC-A-SLMPILW-S-26x16 | I5: active | J5: SC-SLMPILW-S-26x16 | K5: SC-M-SLMPILW-S-26x16 | L5: 31629882 | M5: FU1985103-S-PM41515 | N5: Slim Pillow | O5: Pillows | P5: 999 | Q5: 949 | R5: 949 | S5: 899 | T5: 353 | U5: 113 | V5: 420 | W5: 2 | X5: 197 | Y5: 1085
A6: SC-PROT-Q-78x60 | B6: SC-PROT-Q-78x60 | C6: B0822WJWGS | D6: SC-ASF-P-78x60 | E6: active | F6: #N/A | H6: SCMP7860 | I6: active | J6: SC-F-PROT-Q-78x60 | K6: SC-M-PROT-Q-78x60 | L6: 31862352 | M6: #N/A | N6: Protector | O6: Bedding | P6: 989 | Q6: 940 | R6: 940 | S6: 890.1 | T6: 205 | U6: 244 | V6: 442 | W6: 0 | X6: 114 | Y6: 1005
A7: SC-DGRPILWCS-C-52x20 | B7: SC-DGRPILWCS-C-52x20 | C7: B0CWL46VZK | D7: SC-ASF-DGRPILWCS-C-52x20 | E7: active | F7: #N/A | G7: #N/A | H7: SC-DGRPILWCS-C-52x20 | I7: active | J7: SC-F-DGRPILWCS-C-52x20 | K7: SC-M-DGRPILWCS-C-52x20 | L7: #N/A | M7: #N/A | N7: Cotton Pillow Case | O7: Bedding | P7: 499 | Q7: 494.01 | R7: 499 | S7: 474.05 | T7: 45 | U7: 68 | V7: 623 | W7: 174 | X7: 70 | Y7: 980
A8: SC-BKNECKPILW-S-10x9 | B8: SC-BKNECKPILW-S-10x9 | C8: B0CJ9G9XVQ | D8: SC-ASF-BKNECKPILW-S-10x9 | E8: active | F8: #N/A | G8: #N/A | H8: SC-BKNECKPILW-S-10x9 | I8: active | J8: SC-BKNECKPILW-S-10x9 | K8: SC-M-BKNECKPILW-S-10x9 | L8: 31917204 | M8: #N/A | N8: Travel Neck Pillow | O8: Pillows | P8: 1489 | Q8: 999 | R8: 999 | S8: 949 | T8: 78 | U8: 0 | V8: 776 | W8: 0 | X8: 30 | Y8: 884
A9: SC-PROT-K-78x72 | B9: SC-PROT-K-78x72 | C9: B0822WWZRV | D9: SC-ASF-P-78x72 | E9: active | F9: #N/A | H9: SCMP7872 | I9: active | J9: SCPROK78x72 | K9: SC-M-PROT-K-78x72 | L9: 31862320 | M9: #N/A | N9: Protector | O9: Bedding | P9: 1089 | Q9: 1035 | R9: 1035 | S9: 980.1 | T9: 99 | U9: 81 | V9: 397 | W9: 0 | X9: 184 | Y9: 761
A10: SC-SBC-BL | B10: SC-SBC-BL | C10: B0FMNPTF51 | D10: SC-ASF-SBC-BL | E10: active | F10: #N/A | H10: 0 | J10: SC-FK-SBC-BL | K10: SC-M-SBC-BL | L10: #N/A | M10: #N/A | N10: Mobility | O10: Mobility | P10: 1869 | Q10: 1495 | R10: 1499 | S10: 1401.75 | T10: 64 | U10: 69 | V10: 442 | W10: 39 | X10: 60 | Y10: 674
A11: SC-SMFPILWSET1-BAM-S-22x14 | B11: SC-SMFPILWSET1-BAM-S-22x14 | C11: B0F1Y416FR | D11: SC-ASF-SMFPILWSET1-BAM-S-22x14 | E11: active | F11: #N/A | H11: SC-A-SMFPILWSET1-BAM-S-22x14 | I11: active | J11: SC-F-SMFPILWSET1-BAM-S-22x14 | K11: SC-M-SMFPILWSET1-BAM-S-22x14 | L11: #N/A | M11: #N/A | N11: Small Memory Foam Pillow | O11: Pillows | P11: 1599 | Q11: 999 | R11: 999 | S11: 959 | T11: 63 | U11: 110 | V11: 341 | W11: 2 | X11: 57 | Y11: 573
A12: SC-PBC-BL | B12: SC-PBC-BL | C12: B0FMNQ5SFR | D12: SC-ASF-PBC-BL | E12: active | F12: #N/A | H12: 0 | J12: SC-FK-PBC-BL | K12: SC-M-PBC-BL | L12: #N/A | M12: #N/A | N12: Mobility | O12: Mobility | P12: 1999 | Q12: 1599 | R12: 1599 | S12: 1499.25 | T12: 55 | U12: 51 | V12: 370 | W12: 18 | X12: 57 | Y12: 551
A13: SC-BDPILW-S-50x19 | B13: SC-BDPILW-S-50x19 | C13: 0 | D13: 0 | F13: #N/A | H13: 0 | J13: 0 | N13: Cuddle Pillow | O13: Pillows | P13: #REF! | R13: #N/A | S13: 1499 | T13: 233 | U13: 168 | V13: 0 | W13: 59 | X13: 87 | Y13: 547
A14: SC-GRCUDPILWSET-S-50x19 | B14: SC-GRCUDPILWSET-S-50x19 | C14: B08KS2YSFR | D14: SC-ASF-BDPILW-19x50 | E14: active | F14: #N/A | G14: #N/A | H14: SC-A-BDPILW-19x50 | I14: active | J14: SC-F-BDPILW19x50 | K14: SC-M-BDPILW-S-50x19 | L14: 31629884 | M14: FU1885161-S-PM41515 | N14: Cuddle Pillow | O14: Pillows | P14: 1989 | Q14: 1698 | R14: 1699 | S14: 1499 | T14: 233 | U14: 168 | V14: 0 | W14: 59 | X14: 87 | Y14: 547
A15: SC-HYBPILW-S-26X16 | B15: SC-HYBPILW-S-26X16 | C15: B09XF5SRRD | D15: SC-A-HYBPILW-S-26x16 | E15: active | F15: #N/A | G15: #N/A | H15: 0 | J15: SC-FK-HYBPILW-S-26x16 | K15: SC-M-HYBPILW-S-26x16 | L15: 31629883 | M15: FU1985091-S-PM41515 | N15: Hybrid Pillow | O15: Pillows | P15: 1999 | Q15: 1799 | R15: 1899 | S15: 1799 | T15: 81 | U15: 28 | V15: 288 | W15: 0 | X15: 50 | Y15: 447
A16: SC-PROT-Q-72x60 | B16: SC-PROT-Q-72x60 | C16: B0822X8LZY | D16: SC-ASF-P-72x60 | E16: active | F16: #N/A | H16: SCMP7260 | I16: active | J16: SC-F-PROT-Q-72x60 | K16: SC-M-PROT-Q-72x60 | L16: 31862322 | M16: #N/A | N16: Protector | O16: Bedding | P16: 989 | Q16: 940 | R16: 940 | S16: 890.1 | T16: 61 | U16: 83 | V16: 230 | W16: 0 | X16: 52 | Y16: 426
A17: SC-DCPILWSET1-BAM-25x15 | B17: SC-DCPILWSET1-BAM-25x15 | C17: B0F1937F9V | D17: SC-ASF-DCPILWSET1-BAM-25x15 | E17: active | F17: #N/A | G17: #N/A | H17: SC-A-DCPILWSET1-BAM-25x15 | I17: active | J17: SC-F-DCPILWSET1-BAM-25x15 | K17: SC-M-DCPILWSET1-BAM-25x15 | L17: 33223713 | M17: #N/A | N17: Dual Comfort Pillow | O17: Pillows | P17: 2499 | Q17: 2149 | R17: 2149 | S17: 1999 | T17: 136 | U17: 132 | V17: 94 | W17: 14 | X17: 41 | Y17: 417
A18: SC-TBLPILWCS-S-28x18 | B18: SC-TBLPILWCS-S-28x18 | C18: B0CWLCGJDC | D18: SC-FLEX-TBLPILWCS-S-28x18 | E18: active | F18: #N/A | G18: #N/A | H18: SC-TBLPILWCS-S-28x18 | I18: active | J18: SC-F-TBLPILWCS-S-28x18 | K18: SC-M-TBLPILWCS-S-28x18 | L18: #N/A | M18: #N/A | N18: Cotton Pillow Case | O18: Bedding | P18: 549 | Q18: 543.51 | R18: 549 | S18: 521.55 | T18: 284 | U18: 13 | V18: 53 | W18: 57 | X18: 5 | Y18: 412
A19: SC-PNC-BL | B19: SC-PNC-BL | C19: B0FMNTTG5B | D19: SC-ASF-PNC-BL | E19: active | F19: #N/A | H19: 0 | J19: SC-FK-PNC-BL | K19: SC-M-PNC-BL | L19: #N/A | M19: #N/A | N19: Mobility | O19: Mobility | P19: 1869 | Q19: 1495 | R19: 1499 | S19: 1401.75 | T19: 40 | U19: 50 | V19: 228 | W19: 33 | X19: 56 | Y19: 407
A20: SC-CLPILW-P-32x20 | B20: SC-CLPILW-P-32x20 | C20: B08V5B923X | D20: SC-FLEX-ZIPILW-20x32 | E20: active | F20: #N/A | G20: #N/A | H20: SC-A-ZIPILW-20x32 | I20: active | J20: SC-FK-ZIPILW-20x32 | K20: SC-M-CLPILW-P-32x20 | L20: #N/A | M20: #N/A | N20: Cloud Pillow | O20: Pillows | P20: 1489 | Q20: 1149 | R20: 1299 | S20: 999 | T20: 172 | U20: 208 | V20: 0 | W20: 20 | X20: 0 | Y20: 400
A21: SC-DGRPILWCS-S-28x18 | B21: SC-DGRPILWCS-S-28x18 | C21: B0CWL2NG34 | D21: SC-ASF-DGRPILWCS-S-28x18 | E21: active | F21: #N/A | G21: #N/A | H21: SC-DGRPILWCS-S-28x18 | I21: active | J21: SC-F-DGRPILWCS-S-28x18 | K21: SC-M-DGRPILWCS-S-28x18 | L21: #N/A | M21: #N/A | N21: Cotton Pillow Case | O21: Bedding | P21: 549 | Q21: 543.51 | R21: 549 | S21: 521.55 | T21: 142 | U21: 59 | V21: 125 | W21: 45 | X21: 15 | Y21: 386
A22: SC-LSC-BL | B22: SC-LSC-BL | C22: B0FMNM4TKZ | D22: SC-ASF-LSC-BL | E22: active | F22: #N/A | H22: 0 | J22: SC-FK-LSC-BL | K22: SC-M-LSC-M-BL | L22: #N/A | M22: #N/A | N22: Mobility | O22: Mobility | P22: 1249 | Q22: 999 | R22: 999 | S22: 936.75 | T22: 53 | U22: 56 | V22: 175 | W22: 18 | X22: 67 | Y22: 369
A23: SC-SLSTPILWCS-S-28x18 | B23: SC-SLSTPILWCS-S-28x18 | C23: B0CWKZHV5T | D23: SC-ASF-SLSTPILWCS-S-28x18 | E23: active | F23: #N/A | H23: SC-SLSTPILWCS-S-28x18 | I23: active | J23: SC-F-SLSTPILWCS-S-28x18 | K23: SC-M-SLSTPILWCS-S-28x18 | L23: #N/A | M23: #N/A | N23: Cotton Pillow Case | O23: Bedding | P23: 649 | Q23: 642.51 | R23: 649 | S23: 616.55 | T23: 36 | U23: 177 | V23: 0 | W23: 143 | X23: 0 | Y23: 356
A24: SC-OBCHPILWCS-S-28x18 | B24: SC-OBCHPILWCS-S-28x18 | C24: B0CWL313ZC | D24: SC-ASF-OBCHPILWCS-S-28x18 | E24: active | F24: #N/A | H24: SC-OBCHPILWCS-S-28x18 | I24: active | J24: SC-F-OBCHPILWCS-S-28x18 | K24: SC-M-OBCHPILWCS-S-28x18 | L24: #N/A | M24: #N/A | N24: Cotton Pillow Case | O24: Bedding | P24: 649 | Q24: 642.51 | R24: 649 | S24: 616.55 | T24: 124 | U24: 28 | V24: 110 | W24: 87 | X24: 0 | Y24: 349
A25: SC-MFPILW-CLT-S-25x16 | B25: SC-MFPILW-CLT-S-25x16 | C25: B09XF967YW | D25: SC-ASF-MFPILW-CLT-S-25x16 | E25: active | F25: #N/A | H25: SC-A-MFPILW-CLT-S-25x16 | I25: active | J25: SC-MFPILW-CLT-S-25x16 | K25: SC-M-MFPILW-CLT-S-25x16 | L25: 31629885 | M25: FU1985097-S-PM41515 | N25: CoolTEC MF Pillow | O25: Pillows | P25: 2989 | Q25: 2299 | R25: 2299 | S25: 2199 | T25: 40 | U25: 0 | V25: 261 | W25: 12 | X25: 21 | Y25: 334
A26: SC-MFPILW-BAM-C-25x16 | B26: SC-MFPILW-BAM-C-25x16 | C26: B09XFF5LPL | D26: SC-ASF-CONMFPILW-BAM-25x16 | E26: active | F26: #N/A | H26: SC-A-CONMFPILW-BAM-25x16 | I26: active | J26: SC-MFPILW-BAM-C-25x16 | K26: SC-M-MFPILW-BAM-C-25x16 | L26: 32777659 | M26: FU1985087-S-PM41515 | N26: Contour Bamboo MF Pillow | O26: Pillows | P26: 1989 | Q26: 999 | R26: 999 | S26: 999 | T26: 86 | U26: 66 | V26: 178 | W26: 0 | X26: 0 | Y26: 330
A27: SC-SBC-BLACK | B27: SC-SBC-BLACK | C27: B0GLGFVZCW | D27: SC-ASF-SBC-BLACK | E27: active | F27: #N/A | H27: 0 | J27: SC-FK-SBC-BLACK | K27: SC-M-SBC-BLACK | L27: #N/A | M27: #N/A | N27: Mobility | O27: Mobility | P27: 1869 | Q27: 1495 | R27: 1499 | S27: 1401.75 | T27: 5 | U27: 0 | V27: 315 | W27: 9 | X27: 0 | Y27: 329
A28: SC-SUPRSOFTPILW-S-25x16 | B28: SC-SUPRSOFTPILW-S-25x16 | C28: B0CRHS55FC | D28: SC-ASF-SUPRSOFTPILW-S-25x16 | E28: active | F28: #N/A | H28: SC-A-SUPRSOFTPILW-S-25x16 | I28: active | J28: SC-F-SUPRSOFTPILW-S-25x16 | K28: SC-M-SUPRSOFTPILW-S-25x16 | L28: 31629880 | M28: #N/A | N28: Marshmallow Pillow | O28: Pillows | P28: 1989 | Q28: 1699 | R28: 1699 | S28: 1599 | T28: 152 | U28: 62 | V28: 90 | W28: 24 | X28: 0 | Y28: 328
A29: SC-PSC-BLACK | B29: SC-PSC-BLACK | C29: B0GLGLF2HK | D29: SC-ASF-PSC-BLACK | E29: active | F29: #N/A | H29: 0 | J29: SC-FK-PSC-BLACK | K29: SC-M-PSC-M-BLACK | L29: #N/A | M29: #N/A | N29: Mobility | O29: Mobility | P29: 2499 | Q29: 1999 | R29: 1999 | S29: 1874.25 | T29: 48 | U29: 29 | V29: 194 | W29: 13 | X29: 40 | Y29: 324
A30: SC-PSC-BL | B30: SC-PSC-BL | C30: B0FMP5Y17Y | D30: SC-ASF-PSC-BL | E30: active | F30: #N/A | H30: 0 | J30: SC-FK-PSC-BL | K30: SC-M-PSC-M-BL | L30: #N/A | M30: #N/A | N30: Mobility | O30: Mobility | P30: 2499 | Q30: 1999 | R30: 1999 | S30: 1874.25 | T30: 0 | U30: 28 | V30: 222 | W30: 21 | X30: 43 | Y30: 314
A31: SC-MBJRFTDSHEET-Q-78x60 | B31: SC-MBJRFTDSHEET-Q-78x60 | C31: B0CTTMM1S1 | D31: SC-ASF-MBJRFTDSHEET-Q-78x60 | E31: active | F31: #N/A | H31: SC-A-MBJRFTDSHEET-Q-78x60 | I31: active | J31: SC-F-MBJRFTDSHEET-Q-78x60 | K31: SC-M-MBJRFTDSHEET-Q-78x60 | L31: 31818392 | M31: #N/A | N31: Jersey Fitted Bed sheet | O31: Bedding | P31: 1989 | Q31: 1799 | R31: 1799 | S31: 1690.65 | T31: 43 | U31: 26 | V31: 90 | W31: 45 | X31: 93 | Y31: 297
A32: SC-SLMMFPILWSET1-BAM-S-25x15 | B32: SC-SLMMFPILWSET1-BAM-S-25x15 | C32: B0GVF93GX9 | D32: SC-ASF-SLMMFPILWSET1-BAM-S-25x15 | E32: active | F32: #N/A | H32: #N/A | J32: SC-F-SLMMFPILWSET1-BAM-S-25x15 | K32: SC-M-SLMMFPILWSET1-BAM-S-25x15 | L32: #N/A | M32: #N/A | N32: Slim Pillow | O32: Pillows | P32: 1489 | Q32: 1414 | R32: 1414 | S32: 1299 | T32: 107 | U32: 83 | V32: 54 | W32: 27 | X32: 23 | Y32: 294
A33: SC-PKCOMF-D-90x100 | B33: SC-PKCOMF-D-90x100 | C33: B09BYWZCXM | D33: SC-ASF-PKCOMF-D-90x100 | E33: active | F33: #N/A | H33: SC-A-PKCOMF-D-90x100 | I33: active | J33: SC-F-PKCOMF-D-90x100 | K33: SC-M-PKCOMF-D-90x100 | L33: 31745301 | M33: FU1951905-S-PM41515 | N33: Reversible Comforter | O33: Bedding | P33: 2489 | Q33: 2098 | R33: 2099 | S33: 1999 | T33: 29 | U33: 27 | V33: 230 | W33: 0 | X33: 0 | Y33: 286
A34: SC-SLSTDVTCOVER-S-90x60 | B34: SC-SLSTDVTCOVER-S-90x60 | C34: B0CW9SHX3D | D34: SC-ASF-SLSTDVTCOVER-S-90x60 | E34: active | F34: #N/A | H34: SC-A-SLSTDVTCOVER-S-90x60 | I34: active | J34: SC-F-SLSTDVTCOVER-S-90x60 | K34: SC-M-SLSTDVTCOVER-S-90x60 | L34: #N/A | M34: #N/A | N34: Cotton Duvet cover | O34: Bedding | P34: 2089 | Q34: 1899 | R34: 1899 | S34: 1671.2 | T34: 78 | U34: 45 | V34: 87 | W34: 43 | X34: 30 | Y34: 283
A35: SC-PRPNPILWCS-S-28x18 | B35: SC-PRPNPILWCS-S-28x18 | C35: B0CWL52SCG | D35: SC-ASF-PRPNPILWCS-S-28x18 | E35: active | F35: #N/A | H35: SC-PRPNPILWCS-S-28x18 | I35: active | J35: SC-F-PRPNPILWCS-S-28x18 | K35: SC-M-PRPNPILWCS-S-28x18 | L35: #N/A | M35: #N/A | N35: Cotton Pillow Case | O35: Bedding | P35: 549 | Q35: 543.51 | R35: 549 | S35: 521.55 | T35: 21 | U35: 176 | V35: 26 | W35: 45 | X35: 0 | Y35: 268
A36: SC-PBC-BLACK | B36: SC-PBC-BLACK | C36: B0GLG771PX | D36: SC-ASF-PBC-BLACK | E36: active | F36: #N/A | H36: 0 | J36: SC-FK-PBC-BLACK | K36: SC-M-PBC-BLACK | L36: #N/A | M36: #N/A | N36: Mobility | O36: Mobility | P36: 1999 | Q36: 1599 | R36: 1599 | S36: 1499.25 | T36: 43 | U36: 18 | V36: 174 | W36: 16 | X36: 14 | Y36: 265
A37: SC-PROT-K-75x72 | B37: SC-PROT-K-75x72 | C37: B0822W6ZCG | D37: SC-ASF-P-75x72 | E37: active | F37: #N/A | H37: SCMP7572 | I37: active | J37: SC-F-PROT-K-75x72 | K37: SC-M-PROT-K-75x72 | L37: 31862314 | M37: #N/A | N37: Protector | O37: Bedding | P37: 1089 | Q37: 1035 | R37: 1035 | S37: 980.1 | T37: 19 | U37: 11 | V37: 130 | W37: 0 | X37: 95 | Y37: 255
A38: SC-STDMFTDSHEET-Q-78x60 | B38: SC-STDMFTDSHEET-Q-78x60 | C38: B0DDCGMXH2 | D38: SC-ASF-STDMFTDSHEET-Q-78x60 | E38: active | F38: #N/A | H38: SC-A-STDMFTDSHEET-Q-78x60 | I38: active | J38: SC-F-STDMFTDSHEET-Q-78x60 | K38: SC-M-STDMFTDSHEET-Q-78x60 | L38: 31818410 | M38: #N/A | N38: Sateen Fitted Sheets | O38: Bedding | P38: 2649 | Q38: 2164 | R38: 2199 | S38: 2119.2 | T38: 26 | U38: 42 | V38: 76 | W38: 44 | X38: 53 | Y38: 241
A39: SC-TBLDVTCOVER-S-90x60 | B39: SC-TBLDVTCOVER-S-90x60 | C39: B0CW9SGV8H | D39: SC-ASF-TBLDVTCOVER-S-90x60 | E39: active | F39: #N/A | H39: SC-A-TBLDVTCOVER-S-90x60 | I39: active | J39: SC-F-TBLDVTCOVER-S-90x60 | K39: SC-M-TBLDVTCOVER-S-90x60 | L39: #N/A | M39: #N/A | N39: Cotton Duvet cover | O39: Bedding | P39: 2089 | Q39: 1627 | R39: 1899 | S39: 1671.2 | T39: 56 | U39: 27 | V39: 96 | W39: 27 | X39: 31 | Y39: 237
A40: SC-CNC-BLK-SMALL | B40: SC-CNC-BLK-SMALL | C40: B0GQ3QQFJ1 | D40: SC-ASF-CNC-BLK-SMALL | E40: active | F40: #N/A | G40: #N/A | H40: 0 | I40: 0 | J40: 0 | K40: SC-M-CNC-BLK-SMALL | L40: #N/A | M40: #N/A | N40: Mobility | O40: Mobility | P40: 1299 | Q40: 999 | R40: 999 | S40: 974.25 | T40: 0 | U40: 0 | V40: 229 | W40: 0 | X40: 0 | Y40: 229
A41: SC-PROT-K-72x72 | B41: SC-PROT-K-72x72 | C41: B0822WG76C | D41: SC-ASF-P-72x72 | E41: active | F41: #N/A | H41: SCMP7272 | I41: active | J41: SC-F-PROT-K-72x72 | K41: SC-M-PROT-K-72x72 | L41: 31862333 | M41: #N/A | N41: Protector | O41: Bedding | P41: 1089 | Q41: 1035 | R41: 1035 | S41: 980.1 | T41: 4 | U41: 11 | V41: 193 | W41: 0 | X41: 21 | Y41: 229
A42: SC-PRPNDVTCOVER-D-90x100 | B42: SC-PRPNDVTCOVER-D-90x100 | C42: B0C33B9K2X | D42: SC-ASF-PRPNDVTCOVER-D-90x100 | E42: inactive | F42: #N/A | H42: SC-PRPNDVTCOVER-D-90x100 | I42: inactive | J42: SC-PRPNDVTCOVER-D-90x100 | K42: SC-M-PRPNDVTCOVER-D-90x100 | L42: #N/A | M42: #N/A | N42: Cotton Duvet cover | O42: Bedding | P42: 2789 | Q42: 2499 | R42: 2499 | S42: 2231.2 | T42: 37 | U42: 31 | V42: 52 | W42: 62 | X42: 36 | Y42: 218
A43: SC-COOLFLEXPILW-S-24x16 | B43: SC-COOLFLEXPILW-S-24x16 | C43: B0F8NDLRLC | D43: SC-ASF-COOLFLEXPILW-S-24x16 | E43: active | F43: #N/A | G43: #N/A | H43: SC-A-COOLFLEXPILW-S-24x16 | I43: active | J43: SC-F-COOLFLEXPILW-S-24x16 | K43: SC-M-COOLFLEXPILW-S-24x16 | L43: #N/A | M43: #N/A | N43: Grid Pillow | O43: Pillows | P43: 2989 | Q43: 2548 | R43: 2599 | S43: 2499 | T43: 47 | U43: 50 | V43: 50 | W43: 20 | X43: 46 | Y43: 213
A44: SC-WEDGE-BLACK | B44: SC-WEDGE-BLACK | C44: B0GLG7C4KJ | D44: SC-ASF-WEDGE-BLACK | E44: active | F44: #N/A | H44: 0 | J44: SC-FK-WEDGE-BLACK | K44: SC-M-WEDGE-BLACK | L44: #N/A | M44: #N/A | N44: Wedge Pillow | O44: Mobility | P44: 2499 | Q44: 1999 | R44: 1999 | S44: 1874.25 | T44: 25 | U44: 33 | V44: 139 | W44: 3 | X44: 9 | Y44: 209
A45: SC-BABY-S-48x24x4 | B45: SC-BABY-S-48x24x4 | C45: B07Y37P1T3 | D45: SC-FLEX-48x24x4 | E45: active | F45: #N/A | G45: #N/A | H45: scbaby_48244 | I45: active | J45: SC-BABY48244 | K45: SC-M-BABY-S-48x24x4 | L45: #N/A | M45: FU1844867-S-PM41515 | N45: Baby Mattress | O45: Mattress | P45: 2999 | Q45: 2249 | R45: 2199 | S45: 1949 | T45: 49 | U45: 4 | V45: 117 | W45: 4 | X45: 21 | Y45: 195
A46: SC-DGRDVTCOVER-D-90x100 | B46: SC-DGRDVTCOVER-D-90x100 | C46: B0BMPJ95X7 | D46: SC-ASF-DGRDVTCOVER-D-90x100 | E46: active | F46: #N/A | G46: #N/A | H46: SC-DGRDVTCOVER-D-90x100 | I46: active | J46: SC-DGRDVTCOVER-D-90x100 | K46: SC-M-DGRDVTCOVER-D-90x100 | L46: #N/A | M46: FU2113626-S-PM41515 | N46: Cotton Duvet cover | O46: Bedding | P46: 2789 | Q46: 2499 | R46: 2499 | S46: 2231.2 | T46: 23 | U46: 36 | V46: 70 | W46: 35 | X46: 30 | Y46: 194
A47: SC-LSC-BLACK | B47: SC-LSC-BLACK | C47: B0GLG6Q55V | D47: SC-ASF-LSC-BLACK | E47: active | F47: #N/A | H47: 0 | J47: SC-FK-LSC-BLACK | K47: SC-M-LSC-M-BLACK | L47: #N/A | M47: #N/A | N47: Mobility | O47: Mobility | P47: 1249 | Q47: 999 | R47: 999 | S47: 936.75 | T47: 35 | U47: 32 | V47: 54 | W47: 21 | X47: 39 | Y47: 181
A48: SC-ORIG-K-78x72x6 | B48: SC-ORIG-K-78x72x6 | C48: B0732Y4N37 | D48: SC-FLEX1-ORIG-K-78x72x6 | E48: active | F48: #N/A | H48: 0 | J48: SC78726 | K48: SC-M-ORIG-K-78x72x6 | L48: 31999082 | M48: FU1844874-S-PM41515-78x72 | N48: Original Mattress | O48: Mattress | P48: 18399 | Q48: 14903 | R48: 15999 | S48: 13983.24 | T48: 22 | U48: 10 | V48: 145 | W48: 0 | X48: 1 | Y48: 178
A49: SC-WNTRCOMF-D-90x100 | B49: SC-WNTRCOMF-D-90x100 | C49: B0BM9RZ1DT | D49: SC-FLEX-WNTRCOMF-D-90x100 | E49: active | F49: #N/A | G49: #N/A | H49: SC-WNTRCOMF-D-90x100 | I49: active | J49: SC-WNTRCOMF-D-90x100 | K49: SC-M-WNTRCOMF-D-90x100 | L49: 31745305 | M49: #N/A | N49: Winter Comforter | O49: Bedding | P49: 3989 | Q49: 3391 | R49: 3399 | S49: 3191.2 | T49: 0 | U49: 0 | V49: 169 | W49: 0 | X49: 0 | Y49: 169
A50: SC-PROT-D-72x48 | B50: SC-PROT-D-72x48 | C50: B0822VTPQ4 | D50: SC-ASF-P-72x48 | E50: active | F50: #N/A | H50: SCMP7248 | I50: active | J50: SC-F-P-72x48 | K50: SC-M-PROT-D-72x48 | L50: 31862325 | M50: #N/A | N50: Protector | O50: Bedding | P50: 889 | Q50: 845 | R50: 845 | S50: 800.1 | T50: 10 | U50: 0 | V50: 89 | W50: 0 | X50: 47 | Y50: 146
A51: SC-CNC-BL-SMALL | B51: SC-CNC-BL-SMALL | C51: B0GQ3VXL41 | D51: SC-ASF-CNC-BL-SMALL | E51: active | F51: #N/A | G51: #N/A | H51: 0 | I51: 0 | J51: 0 | K51: SC-M-CNC-BL-SMALL | L51: #N/A | M51: #N/A | N51: Mobility | O51: Mobility | P51: 1299 | Q51: 999 | R51: 999 | S51: 974.25 | T51: 4 | U51: 5 | V51: 130 | W51: 0 | X51: 5 | Y51: 144
A52: SC-PRPNFTDSHEET-S-78x36 | B52: SC-PRPNFTDSHEET-S-78x36 | C52: 0 | D52: #N/A | F52: #N/A | H52: #N/A | J52: 0 | K52: #N/A | L52: #N/A | M52: #N/A | N52: #N/A | O52: #N/A | P52: #REF! | Q52: #N/A | R52: #N/A | S52: #N/A | T52: 42 | U52: 27 | V52: 35 | W52: 13 | X52: 27 | Y52: 144
A53: SC-OBCHDVTCOVER-S-90x60 | B53: SC-OBCHDVTCOVER-S-90x60 | C53: B0CW9Q6SQ1 | D53: SC-ASF-OBCHDVTCOVER-S-90x60 | E53: active | F53: #N/A | H53: SC-A-OBCHDVTCOVER-S-90x60 | I53: active | J53: SC-FK-OBCHDVTCOVER-S-90x60 | K53: SC-M-OBCHDVTCOVER-S-90x60 | L53: #N/A | M53: #N/A | N53: Cotton Duvet cover | O53: Bedding | P53: 2089 | Q53: 1899 | R53: 1899 | S53: 1671.2 | T53: 18 | U53: 20 | V53: 46 | W53: 28 | X53: 28 | Y53: 140
A54: SC-PTMMCOMF-D-90x100 | B54: SC-PTMMCOMF-D-90x100 | C54: B0FR3CDSVC | D54: SC-ASF-PTMMCOMF-D-90x100 | E54: active | F54: #N/A | H54: 0 | J54: SC-F-PTMMCOMF-D-90x100 | K54: SC-M-PTMMCOMF-D-90x100 | L54: #N/A | M54: #N/A | N54: Reversible Comforter | O54: Bedding | P54: 2689 | Q54: 2268 | R54: 2299 | S54: 2285.65 | T54: 33 | U54: 0 | V54: 105 | W54: 0 | X54: 0 | Y54: 138
A55: SC-PROT-D-75x48 | B55: SC-PROT-D-75x48 | C55: B0822XBCF1 | D55: SC-ASF-P-75x48 | E55: active | F55: #N/A | H55: SCMP7548 | I55: active | J55: SCPROD75x48 | K55: SC-M-PROT-D-75x48 | L55: 31862349 | M55: #N/A | N55: Protector | O55: Bedding | P55: 889 | Q55: 845 | R55: 845 | S55: 800.1 | T55: 5 | U55: 46 | V55: 52 | W55: 0 | X55: 34 | Y55: 137
A56: SC-TBLPILWCS-C-52x20 | B56: SC-TBLPILWCS-C-52x20 | C56: B0CWL9Y811 | D56: SC-ASF-TBLPILWCS-C-52x20 | E56: active | F56: SC-FLEX-TBLPILWCS-C-52x20 | G56: active | H56: SC-TBLPILWCS-C-52x20 | I56: active | J56: SC-F-TBLPILWCS-C-52x20 | K56: SC-M-TBLPILWCS-C-52x20 | L56: #N/A | M56: #N/A | N56: Cotton Pillow Case | O56: Bedding | P56: 499 | Q56: 494.01 | R56: 499 | S56: 474.05 | T56: 46 | U56: 0 | V56: 90 | W56: 0 | X56: 0 | Y56: 136
A57: SC-AURORAMUSLN-S-85X59 | B57: SC-AURORAMUSLN-S-85X59 | C57: B09XLTHD35 | D57: SC-ASF-AURORAMUSLN-S-59x85 | E57: active | F57: #N/A | G57: #N/A | H57: SC-A-AURORAMUSLN-S-59x85 | I57: active | J57: SC-F-AURORAMUSLN-S-59x85 | K57: SC-M-AURORAMUSLN-S-85X59 | L57: #N/A | M57: #N/A | N57: Muslin Throws | O57: Bedding | P57: 2999 | Q57: 2599 | R57: 2599 | S57: 2549.15 | T57: 19 | U57: 2 | V57: 94 | W57: 0 | X57: 15 | Y57: 130
A58: SC-NOVAMUSLN-S-85X59 | B58: SC-NOVAMUSLN-S-85X59 | C58: B09XLSN95V | D58: SC-ASF-NOVAMUSLN-S-59x85 | E58: active | F58: #N/A | H58: SC-A-NOVAMUSLN-S-59x85 | I58: active | J58: SC-F-NOVAMUSLN-S-59x85 | K58: SC-M-NOVAMUSLN-S-85X59 | L58: #N/A | M58: #N/A | N58: Muslin Throws | O58: Bedding | P58: 2999 | Q58: 2599 | R58: 2599 | S58: 2549.15 | T58: 9 | U58: 0 | V58: 104 | W58: 0 | X58: 15 | Y58: 128
A59: SC-STD-LTX-BAM-24x16 | B59: SC-STD-LTX-BAM-24x16 | C59: B0F2SWXPMT | D59: SC-FLEX-STD-LTX-BAM-24x16 | E59: active | F59: #N/A | H59: SC-A-STD-LTX-BAM-24x16 | I59: active | J59: SC-F-STD-LTX-BAM-24x16 | K59: SC-M-STD-LTX-BAM-24x16 | L59: #N/A | M59: #N/A | N59: Standard Latex Pillow | O59: Pillows | P59: 2589 | Q59: 2330 | R59: 2330 | S59: 2199 | T59: 20 | U59: 0 | V59: 71 | W59: 37 | X59: 0 | Y59: 128
A60: SC-MAZEMUSLN-S-85X59 | B60: SC-MAZEMUSLN-S-85X59 | C60: B09XLS3TTP | D60: SC-ASF-MAZEMUSLN-S-59x85 | E60: active | F60: #N/A | H60: SC-A-MAZEMUSLN-S-59x85 | I60: active | J60: SC-F-MAZEMUSLN-S-59x85 | K60: SC-M-MAZEMUSLN-S-85X59 | L60: #N/A | M60: #N/A | N60: Muslin Throws | O60: Bedding | P60: 2999 | Q60: 2599 | R60: 2599 | S60: 2549.15 | T60: 18 | U60: 0 | V60: 94 | W60: 0 | X60: 15 | Y60: 127
A61: SC-PROT-K-BL-78x72 | B61: SC-PROT-K-BL-78x72 | C61: B0DVGNY2GM | D61: SC-A-PROT-K-BL-78x72 | E61: active | F61: #N/A | H61: 0 | J61: SC-F-PROT-K-BL-78x72 | K61: SC-M-PROT-K-BL-78x72 | L61: #N/A | M61: #N/A | N61: Protector | O61: Bedding | P61: 1089 | Q61: 1035 | R61: 1035 | S61: 980.1 | T61: 28 | U61: 62 | V61: 15 | W61: 0 | X61: 18 | Y61: 123
A62: SC-PROT-D-78x48 | B62: SC-PROT-D-78x48 | C62: B0822VYH6P | D62: SC-ASF-P-78x48 | E62: active | F62: #N/A | H62: SCMP7848 | I62: active | J62: SC-F-PROT-D-78x48 | K62: SC-M-PROT-D-78x48 | L62: 31862345 | M62: #N/A | N62: Protector | O62: Bedding | P62: 889 | Q62: 845 | R62: 845 | S62: 800.1 | T62: 1 | U62: 0 | V62: 106 | W62: 0 | X62: 13 | Y62: 120
A63: SC-PROT-Q-78x66 | B63: SC-PROT-Q-78x66 | C63: B0822XLRG1 | D63: SC-ASF-P-78x66 | E63: active | F63: #N/A | H63: SCMP7866 | I63: active | J63: SC-F-PROT-Q-78x66 | K63: SC-M-PROT-Q-78x66 | L63: 31862339 | M63: #N/A | N63: Protector | O63: Bedding | P63: 1049 | Q63: 997 | R63: 999 | S63: 944.1 | T63: 44 | U63: 25 | V63: 25 | W63: 0 | X63: 23 | Y63: 117
A64: SC-STMRPILWCS-K-32x20 | B64: SC-STMRPILWCS-K-32x20 | C64: B0DDCPDLV5 | D64: SC-ASF-STMRPILWCS-K-32x20 | E64: active | F64: #N/A | H64: SC-A-STMRPILWCS-K-32x20 | I64: active | J64: SC-F-STMRPILWCS-K-32x20 | K64: SC-M-STMRPILWCS-K-32x20 | L64: #N/A | M64: #N/A | N64: Sateen Pillow Case | O64: Bedding | P64: 999 | Q64: 899 | R64: 899 | S64: 849.15 | T64: 12 | U64: 8 | V64: 40 | W64: 15 | X64: 42 | Y64: 117
A65: SC-PROT-S-72x36 | B65: SC-PROT-S-72x36 | C65: B0822W49Z9 | D65: SC-ASF-P-72x36 | E65: active | F65: #N/A | H65: SCMP7236 | I65: active | J65: SC-F-PROT-S-72x36 | K65: SC-M-PROT-S-72x36 | L65: 31862312 | M65: #N/A | N65: Protector | O65: Bedding | P65: 789 | Q65: 750 | R65: 750 | S65: 710.1 | T65: 11 | U65: 0 | V65: 87 | W65: 0 | X65: 15 | Y65: 113
A66: SC-WEDGE-BL | B66: SC-WEDGE-BL | C66: B0FLF9PR8K | D66: SC-ASF-WEDGE-BL | E66: active | F66: #N/A | H66: 0 | J66: SC-F-WEDGE-BL | K66: SC-M-WEDGE-BL | L66: #N/A | M66: #N/A | N66: Wedge Pillow | O66: Pillows | P66: 2499 | Q66: 1999 | R66: 1999 | S66: 1899 | T66: 0 | U66: 14 | V66: 99 | W66: 0 | X66: 0 | Y66: 113
A67: SC-SLSTPILWCS-C-52x20 | B67: SC-SLSTPILWCS-C-52x20 | C67: B0CWL4SRMC | D67: SC-FLEX-SLSTPILWCS-C-52x20 | E67: active | F67: #N/A | G67: #N/A | H67: SC-SLSTPILWCS-C-52x20 | I67: active | J67: SC-F-SLSTPILWCS-C-F-52x20 | K67: SC-M-SLSTPILWCS-C-52x20 | L67: #N/A | M67: #N/A | N67: Cotton Pillow Case | O67: Bedding | P67: 549 | Q67: 543.51 | R67: 549 | S67: 521.55 | T67: 15 | U67: 0 | V67: 58 | W67: 30 | X67: 6 | Y67: 109
A68: SC-SUMPKCOMF-D-90x100 | B68: SC-SUMPKCOMF-D-90x100 | C68: B0FCMD3F6P | D68: SC-ASF-SUMPKCOMF-D-90x100 | E68: active | F68: #N/A | H68: SC-A-SUMPKCOMF-D-90x100 | I68: active | J68: SC-F-SUMPKCOMF-D-90x100 | K68: SC-M-SUMPKCOMF-D-90x100 | L68: #N/A | M68: #N/A | N68: Summer AC Comforter | O68: Bedding | P68: 2289 | Q68: 1999 | R68: 1999 | S68: 1945.65 | T68: 0 | U68: 29 | V68: 74 | W68: 0 | X68: 0 | Y68: 103
A69: SC-TBLFTDSHEET-K-75x72 | B69: SC-TBLFTDSHEET-K-75x72 | C69: 0 | D69: #N/A | F69: #N/A | H69: #N/A | J69: 0 | K69: #N/A | L69: #N/A | M69: #N/A | N69: #N/A | O69: #N/A | P69: #REF! | Q69: #N/A | R69: #N/A | S69: #N/A | T69: 36 | U69: 19 | V69: 15 | W69: 12 | X69: 18 | Y69: 100
A70: SC-TBLDVTCOVER-D-90x100 | B70: SC-TBLDVTCOVER-D-90x100 | C70: B0BMPSBSDZ | D70: SC-ASF-TBLDVTCOVER-D-90x100 | E70: active | F70: #N/A | H70: SC-TBLDVTCOVER-D-90x100 | I70: active | J70: SC-TBLDVTCOVER-D-90x100 | K70: SC-M-TBLDVTCOVER-D-90x100 | L70: #N/A | M70: FU2113627-S-PM41515 | N70: Cotton Duvet cover | O70: Bedding | P70: 2789 | Q70: 2499 | R70: 2499 | S70: 2231.2 | T70: 35 | U70: 15 | V70: 38 | W70: 10 | X70: 1 | Y70: 99
A71: SC-ORIG-K-78x72x8 | B71: SC-ORIG-K-78x72x8 | C71: B07JM7GQG4 | D71: SC-FLEX-78x72x8 | E71: active | F71: SC-LS-ORIG-K-78x72x8 | G71: closed | H71: SC 78x72x8 | I71: active | J71: SCP78728 | K71: SC-M-ORIG-K-78x72x8 | L71: 31999064 | M71: FU1982574-S-PM41515-78x72 | N71: Original Mattress | O71: Mattress | P71: 21199 | Q71: 17171 | R71: 18399 | S71: 16111.24 | T71: 27 | U71: 0 | V71: 71 | W71: 0 | X71: 0 | Y71: 98
A72: SC-FIMTTOPPER-D-72x48 | B72: SC-FIMTTOPPER-D-72x48 | C72: B0D2X7G46F | D72: SC-ASF-FIMTTOPPER-D-72x48 | E72: active | F72: #N/A | G72: #N/A | H72: SC-A-FIMTTOPPER-D-72x48 | I72: OOS | J72: SC-F-FIMTTOPPER-D-72x48 | K72: SC-M-FIMTTOPPER-D-72x48 | L72: #N/A | M72: #N/A | N72: Microfiber topper | O72: Bedding | P72: 5499 | Q72: 4399 | R72: 4899 | S72: 4124.25 | T72: 17 | U72: 2 | V72: 75 | W72: 0 | X72: 3 | Y72: 97
A73: SC-MFPILW-CLT-C-25x16 | B73: SC-MFPILW-CLT-C-25x16 | C73: B09XFFBND4 | D73: SC-ASF-CON-MFPILW-CLT-25x16 | E73: active | H73: SC-A-CON-MFPILW-CLT-25x16 | I73: active | J73: SC-F-CON-MFPILW-CLT-24x14 | K73: SC-M-MFPILW-CLT-C-25x16 | L73: 32777656 | M73: FU1985088-S-PM41515 | N73: Contour Bamboo MF Pillow | O73: Pillows | P73: 2989 | Q73: 1999 | R73: 1999 | S73: 1899 | T73: 96 | U73: 0 | V73: 0 | W73: 0 | X73: 0 | Y73: 96
A74: SC-BWJRFTDSHEET-K-72x72 | B74: SC-BWJRFTDSHEET-K-72x72 | C74: B0CTTH6KD5 | D74: SC-ASF-BWJRFTDSHEET-K-72x72 | E74: OOS | F74: #N/A | G74: #N/A | H74: SC-A-BWJRFTDSHEET-K-72x72 | I74: active | J74: SC-F-BWJRFTDSHEET-K-72x72 | K74: SC-M-BWJRFTDSHEET-K-72x72 | L74: 31818379 | M74: #N/A | N74: Jersey Fitted Bed sheet | O74: Bedding | P74: 2189 | Q74: 1999 | R74: 1999 | S74: 1860.65 | T74: 0 | U74: 0 | V74: 95 | W74: 0 | X74: 0 | Y74: 95
A75: SC-MFPILW-BAM-P-28x18 | B75: SC-MFPILW-BAM-P-28x18 | C75: B096RZ5P5C | D75: SC-ASF-MFPILW-P-28x18 | E75: active | F75: #N/A | H75: SC-A-MFPILW-P-28x18 | I75: OOS | J75: SC-FK-MFPILW-S1-P-28x18 | K75: SC-M-MFPILW-BAM-P-28x18 | L75: #N/A | M75: FU1985093-S-PM41515 | N75: Memory Foam Pillow | O75: Pillows | P75: 2489 | Q75: 1999 | R75: 1999 | S75: 1599 | T75: 64 | U75: 1 | V75: 0 | W75: 0 | X75: 29 | Y75: 94
A76: SC-MRQLTPROT-K-78x72 | B76: SC-MRQLTPROT-K-78x72 | C76: B0GGSRNGHJ | D76: SC-ASF-MRQLTPROT-K-78x72 | E76: OOS | F76: #N/A | H76: 0 | J76: SC-F-MRQLTPROT-K-78x72 | K76: SC-M-MRQLTPROT-K-78x72 | L76: #N/A | M76: #N/A | N76: Protector | O76: Bedding | P76: 1699 | Q76: 1614 | R76: 1614 | S76: 1529.1 | T76: 0 | U76: 29 | V76: 61 | W76: 0 | X76: 3 | Y76: 93
A77: SC-SUMCOMF-D-90x100 | B77: SC-SUMCOMF-D-90x100 | C77: B0FCMKFPK3 | D77: SC-ASF-SUMCOMF-D-90x100 | E77: active | F77: #N/A | H77: SC-A-SUMCOMF-D-90x100 | I77: active | J77: SC-F-SUMCOMF-D-90x100 | K77: SC-M-SUMCOMF-D-90x100 | L77: #N/A | M77: #N/A | N77: Summer AC Comforter | O77: Bedding | P77: 2289 | Q77: 1999 | R77: 1999 | S77: 1945.65 | T77: 10 | U77: 38 | V77: 45 | W77: 0 | X77: 0 | Y77: 93
A78: SC-OBCHDVTCOVER-D-90x100 | B78: SC-OBCHDVTCOVER-D-90x100 | C78: B0BZVR2WCP | D78: SC-ASF-OBCHDVTCOVER-D-90x100 | E78: active | F78: #N/A | H78: SC-OBCHDVTCOVER-D-90x100 | I78: active | J78: SC-OBCHDVTCOVER-D-90x100 | K78: SC-M-OBCHDVTCOVER-D-90x100 | L78: #N/A | M78: FU2113629-S-PM41515 | N78: Cotton Duvet cover | O78: Bedding | P78: 2989 | Q78: 2699 | R78: 2699 | S78: 2391.2 | T78: 20 | U78: 0 | V78: 62 | W78: 0 | X78: 10 | Y78: 92
A79: SC-COMF-S-90x60 | B79: SC-COMF-S-90x60 | C79: B08KTCLX7R | D79: SC-ASF-RDUVET-S-90x60 | E79: active | F79: #N/A | G79: #N/A | H79: SC-A-RDUVET-S-90x60 | I79: active | J79: SC-F-COMF90x60 | K79: SC-M-COMF-S-90x60 | L79: 31745296 | M79: FU1889540-S-PM41515 | N79: Reversible Comforter | O79: Bedding | P79: 1879 | Q79: 1587 | R79: 1599 | S79: 1597.15 | T79: 0 | U79: 24 | V79: 67 | W79: 0 | X79: 0 | Y79: 91
A80: SC-WTQLTPROT-S-72x36 | B80: SC-WTQLTPROT-S-72x36 | C80: B0GGSSS5Z8 | D80: SC-ASF-WTQLTPROT-S-72x36 | E80: active | F80: #N/A | H80: 0 | J80: SC-F-WTQLTPROT-S-72x36 | K80: SC-M-WTQLTPROT-S-72x36 | L80: #N/A | M80: #N/A | N80: Protector | O80: Bedding | P80: 999 | Q80: 949 | R80: 949 | S80: 899.1 | T80: 10 | U80: 0 | V80: 75 | W80: 0 | X80: 5 | Y80: 90
A81: SC-PRPNPILWCS-C-52x20 | B81: SC-PRPNPILWCS-C-52x20 | C81: B0CWL63BQ3 | D81: SC-FLEX-PRPNPILWCS-C-52x20 | E81: active | F81: #N/A | G81: #N/A | H81: SC-PRPNPILWCS-C-52x20 | I81: active | J81: SC-F-PRPNPILWCS-C-52x20 | K81: SC-M-PRPNPILWCS-C-52x20 | L81: #N/A | M81: #N/A | N81: Cotton Pillow Case | O81: Bedding | P81: 499 | Q81: 494.01 | R81: 499 | S81: 474.05 | T81: 0 | U81: 0 | V81: 89 | W81: 0 | X81: 0 | Y81: 89
A82: SC-STDMPILWCS-S-28x18 | B82: SC-STDMPILWCS-S-28x18 | C82: B0DDCNGK8X | D82: SC-ASF-STDMPILWCS-S-28x18 | E82: active | F82: SC-FLEX-STDMPILWCS-S-28x18 | G82: closed | H82: SC-A-STDMPILWCS-S-28x18 | I82: active | J82: SC-F-STDMPILWCS-S-28x18 | K82: SC-M-STDMPILWCS-S-28x18 | L82: #N/A | M82: #N/A | N82: Sateen Pillow Case | O82: Bedding | P82: 899 | Q82: 809 | R82: 809 | S82: 764.15 | T82: 0 | U82: 0 | V82: 87 | W82: 0 | X82: 0 | Y82: 87
A83: SC-FIMTTOPPER-S-72x36 | B83: SC-FIMTTOPPER-S-72x36 | C83: B0D2X51KKW | D83: SC-ASF-FIMTTOPPER-S-72x36 | E83: active | F83: #N/A | G83: #N/A | H83: SC-A-FIMTTOPPER-S-72x36 | I83: OOS | J83: SC-F-FIMTTOPPER-S-72x36 | K83: SC-M-FIMTTOPPER-S-72x36 | L83: #N/A | M83: #N/A | N83: Microfiber topper | O83: Bedding | P83: 4499 | Q83: 3599 | R83: 3999 | S83: 3374.25 | T83: 17 | U83: 0 | V83: 62 | W83: 0 | X83: 7 | Y83: 86
A84: SC-TBLFTDSHEET-D-78x48 | B84: SC-TBLFTDSHEET-D-78x48 | C84: 0 | D84: #N/A | F84: #N/A | H84: #N/A | J84: 0 | K84: #N/A | L84: #N/A | M84: #N/A | N84: #N/A | O84: #N/A | P84: #REF! | Q84: #N/A | R84: #N/A | S84: #N/A | T84: 18 | U84: 20 | V84: 29 | W84: 4 | X84: 15 | Y84: 86
A85: SC-EGWTLUXCOMF-D-90x100 | B85: SC-EGWTLUXCOMF-D-90x100 | C85: B0B3RD254F | D85: SC-ASF-EGWTLUXCOMF-D-90x100 | E85: active | F85: #N/A | G85: #N/A | H85: SC-EGWTLUXCOMF-D-90x100 | I85: active | J85: SC-EGWTLUXCOMF-D-90x100 | K85: SC-M-EGWTLUXCOMF-D-90x100 | L85: 31745304 | M85: FU2016437-S-PM41515 | N85: Luxe Comforter | O85: Bedding | P85: 5489 | Q85: 4999 | R85: 4999 | S85: 4665.65 | T85: 0 | U85: 18 | V85: 64 | W85: 3 | X85: 0 | Y85: 85
A86: SC-TBLPILWCS-P-32x20 | B86: SC-TBLPILWCS-P-32x20 | C86: B0CWL5YBZ6 | D86: SC-FLEX-TBLPILWCS-P-32x20 | E86: OOS | F86: #N/A | G86: #N/A | H86: SC-TBLPILWCS-P-32x20 | I86: active | J86: SC-F-TBLPILWCS-P-32x20 | K86: SC-M-TBLPILWCS-P-32x20 | L86: #N/A | M86: #N/A | N86: Cotton Pillow Case | O86: Bedding | P86: 649 | Q86: 642.51 | R86: 649 | S86: 616.55 | T86: 42 | U86: 0 | V86: 43 | W86: 0 | X86: 0 | Y86: 85
A87: SC-NBQLTPROT-K-78x72 | B87: SC-NBQLTPROT-K-78x72 | C87: B0GGSGLGP3 | D87: SC-ASF-NBQLTPROT-K-78x72 | E87: OOS | F87: #N/A | H87: 0 | J87: SC-F-NBQLTPROT-K-78x72 | K87: SC-M-NBQLTPROT-K-78x72 | L87: #N/A | M87: #N/A | N87: Protector | O87: Bedding | P87: 1699 | Q87: 1614 | R87: 1614 | S87: 1529.1 | T87: 0 | U87: 27 | V87: 35 | W87: 0 | X87: 21 | Y87: 83
A88: SC-SSC-BLACK | B88: SC-SSC-BLACK | C88: B0GLGLW96N | D88: SC-ASF-SSC-BLACK | E88: active | F88: #N/A | H88: 0 | J88: SC-FK-SSC-BLACK | K88: SC-M-SSC-M-BLACK | L88: #N/A | M88: #N/A | N88: Mobility | O88: Mobility | P88: 1999 | Q88: 1599 | R88: 1599 | S88: 1499.25 | T88: 15 | U88: 2 | V88: 62 | W88: 4 | X88: 0 | Y88: 83
A89: SC-DGRFTDSHEET-K-78x72 | B89: SC-DGRFTDSHEET-K-78x72 | C89: B0BF4ZF9PC | D89: SC-ASF-DGRFTDSHEET-K-78x72 | E89: active | F89: #N/A | G89: #N/A | H89: SC-DGRFTDSHEET-K-78x72 | I89: active | J89: SC-F-DGRFTDSHEET-K-78x72 | K89: SC-M-DGRFTDSHEET-K-78x72 | L89: 31818451 | M89: FU2048772-S-PM41515 | N89: Cotton Fitted Bedsheet | O89: Bedding | P89: 2189 | Q89: 1792 | R89: 1799 | S89: 1641.75 | T89: 14 | U89: 16 | V89: 48 | W89: 4 | X89: 0 | Y89: 82
A90: SC-STIVPILWCS-C-52x20 | B90: SC-STIVPILWCS-C-52x20 | C90: B0DDCN7MWS | D90: SC-FLEX-STIVPILWCS-C-52x20 | E90: active | F90: #N/A | G90: #N/A | H90: SC-A-STIVPILWCS-C-52x20 | I90: active | J90: SC-F-STIVPILWCS-C-52x20 | K90: SC-M-STIVPILWCS-C-52x20 | L90: #N/A | M90: #N/A | N90: Sateen Pillow Case | O90: Bedding | P90: 799 | Q90: 719 | R90: 719 | S90: 679.15 | T90: 2 | U90: 4 | V90: 47 | W90: 14 | X90: 13 | Y90: 80
A91: SC-HYB-LATEX-K-78x72x6 | B91: SC-HYB-LATEX-K-78x72x6 | C91: B09XFKM8V6 | D91: SC-SF-HYB-LATEX-K-78x72x6 | E91: active | F91: #N/A | G91: #N/A | H91: SC-A-HYB-LATEX-K-78x72x6 | I91: active | J91: SC-F-HYB-LATEX-K-78x72x6 | K91: SC-M-HYB-LATEX-K-78x72x6 | L91: 31999063 | M91: FU1982565-S-PM41515-78x72 | N91: Hybrid Latex Mattress | O91: Mattress | P91: 20699 | Q91: 17387 | R91: 18599 | S91: 16559.2 | T91: 38 | U91: 7 | V91: 32 | W91: 1 | X91: 0 | Y91: 78
A92: SC-STDMPILWCS-K-32x20 | B92: SC-STDMPILWCS-K-32x20 | C92: B0DDCQX4K1 | D92: SC-FLEX-STDMPILWCS-K-32x20 | E92: active | F92: #N/A | G92: #N/A | H92: SC-A-STDMPILWCS-K-32x20 | I92: active | J92: SC-F-STDMPILWCS-K-32x20 | K92: SC-M-STDMPILWCS-K-32x20 | L92: #N/A | M92: #N/A | N92: Sateen Pillow Case | O92: Bedding | P92: 999 | Q92: 899 | R92: 899 | S92: 849.15 | T92: 8 | U92: 0 | V92: 56 | W92: 6 | X92: 7 | Y92: 77
A93: SC-WTQLTPROT-K-78x72 | B93: SC-WTQLTPROT-K-78x72 | C93: B0GGSSD91D | D93: SC-ASF-WTQLTPROT-K-78x72 | E93: active | F93: #N/A | H93: 0 | J93: SC-F-WTQLTPROT-K-78x72 | K93: SC-M-WTQLTPROT-K-78x72 | L93: #N/A | M93: #N/A | N93: Protector | O93: Bedding | P93: 1699 | Q93: 1614 | R93: 1614 | S93: 1529.1 | T93: 17 | U93: 12 | V93: 40 | W93: 0 | X93: 8 | Y93: 77
A94: SC-ORIG-D-72x48x5 | B94: SC-ORIG-D-72x48x5 | C94: B0G2599S6F | D94: SC-ASF-ORIG-D-72x48x5 | E94: active | F94: #N/A | H94: 0 | J94: SC-F-ORIG-D-72x48x5 | K94: SC-M-ORIG-D-72x48x5 | L94: #N/A | M94: #REF! | N94: Original Mattress | O94: Mattress | P94: 12489 | Q94: 10116 | R94: 10899 | S94: 9491.64 | T94: 6 | U94: 7 | V94: 51 | W94: 1 | X94: 11 | Y94: 76
A95: SC-ULTM-LATEX-Q-78x60x8 | B95: SC-ULTM-LATEX-Q-78x60x8 | C95: B0D58N5B2F | D95: SC-ASF-ULTM-LATEX-Q-78x60x8 | E95: active | F95: #N/A | H95: SC-A-ULTM-LATEX-Q-78x60x8 | I95: active | J95: SC-F-ULTM-LATEX-Q-78x60x8 | K95: SC-M-ULTM-LATEX-Q-78x60x8 | L95: 32784001 | M95: FU2205036-S-PM41515-78X60 | N95: Ultima Latex Mattress | O95: Mattress | P95: 31999 | Q95: 28799 | R95: 30399 | S95: 26879.16 | T95: 50 | U95: 11 | V95: 15 | W95: 0 | X95: 0 | Y95: 76
A96: SC-SLSTDVTCOVER-D-90x100 | B96: SC-SLSTDVTCOVER-D-90x100 | C96: B0C33D2QK2 | D96: SC-ASF-SLSTDVTCOVER-D-90x100 | E96: active | F96: #N/A | H96: SC-SLSTDVTCOVER-D-90x100 | I96: active | J96: SC-SLSTDVTCOVER-D-90x100 | K96: SC-M-SLSTDVTCOVER-D-90x100 | L96: #N/A | M96: #N/A | N96: Cotton Duvet cover | O96: Bedding | P96: 2989 | Q96: 2699 | R96: 2699 | S96: 2391.2 | T96: 9 | U96: 2 | V96: 46 | W96: 17 | X96: 1 | Y96: 75
A97: SC-ORIG-Q-75x60x8 | B97: SC-ORIG-Q-75x60x8 | C97: B07MBSJ553 | D97: SC-ASF-75x60x8 | E97: active | F97: #N/A | H97: SC 75x60x8 | I97: active | J97: SCP75608 | K97: SC-M-ORIG-Q-75x60x8 | L97: 31999077 | M97: FU1982573-S-PM41515-75x60 | N97: Original Mattress | O97: Mattress | P97: 17999 | Q97: 14579 | R97: 15699 | S97: 13679.24 | T97: 25 | U97: 5 | V97: 13 | W97: 17 | X97: 14 | Y97: 74
A98: SC-PROT-Q-BL-75x60 | B98: SC-PROT-Q-BL-75x60 | C98: B0DVGLV9DT | D98: SC-A-PROT-Q-BL-75x60 | E98: active | F98: #N/A | H98: 0 | J98: SC-F-PROT-Q-BL-75x60 | K98: SC-M-PROT-Q-BL-75x60 | L98: #N/A | M98: #N/A | N98: Protector | O98: Bedding | P98: 989 | Q98: 940 | R98: 940 | S98: 890.1 | T98: 6 | U98: 0 | V98: 19 | W98: 0 | X98: 47 | Y98: 72
A99: SC-FIMTTOPPER-S-78x36 | B99: SC-FIMTTOPPER-S-78x36 | C99: B0DCVGW9CD | D99: SC-ASF-FIMTTOPPER-S-78x36 | E99: relist | F99: #N/A | G99: #N/A | H99: SC-ASF-FIMTTOPPER-S-78x36 | I99: OOS | J99: SC-F-FIMTTOPPER-S-78x36 | K99: SC-M-FIMTTOPPER-S-78x36 | L99: #N/A | M99: #N/A | N99: Microfiber topper | O99: Bedding | P99: 4999 | Q99: 3999 | R99: 4599 | S99: 3749.25 | T99: 0 | U99: 0 | V99: 70 | W99: 0 | X99: 0 | Y99: 70
A100: SC-ULTM-Q-78x60x8 | B100: SC-ULTM-Q-78x60x8 | C100: B09XGNTMB7 | D100: SC-ASF-ULTM-Q-78x60x8 | E100: active | F100: #N/A | H100: SC-ULTM-Q-78x60x8 | I100: active | J100: SC-ULTM-Q-78x60x8 | K100: SC-M-ULTM-Q-78x60x8 | L100: 31999078 | M100: FU2005652-S-PM41515-78x60 | N100: Ultima Mattress | O100: Mattress | P100: 22999 | Q100: 20699 | R100: 21799 | S100: 17709.23 | T100: 41 | U100: 6 | V100: 18 | W100: 1 | X100: 4 | Y100: 70
...

Sheet Flex sheet
A1: seller-sku | B1: Master SKU | C1: asin1 | D1: product-id | E1: status | F1: fulfillment-channel | G1: Sold | H1: Inventory | I1: Event Price | J1: BAU | K1: MRP
A2: SC-FLEX-ORIG-K-75x72x6 | B2: SC-ORIG-K-75x72x6 | C2: B0732TFNYC | D2: B0732TFNYC | E2: Active | F2: AMAZON_IN | G2: 25 | H2: 61 | I2: 13831.24 | J2: 15799 | K2: 18199
A3: SC-ASF-ORIG-Q-72x60x6 | B3: SC-ORIG-Q-72x60x6 | C3: B078BNQ7M4 | D3: B078BNQ7M4 | E3: Active | F3: AMAZON_IN | G3: 29 | H3: 52 | I3: 11931.24 | J3: 13699 | K3: 15699
A4: SC-FLEX-78x72x8 | B4: SC-ORIG-K-78x72x8 | C4: B07JM7GQG4 | D4: B07JM7GQG4 | E4: Active | F4: AMAZON_IN | G4: 41 | H4: 95 | I4: 16111.24 | J4: 18399 | K4: 21199
A5: SC-FLEX-ORIG-Q-72x60x8 | B5: SC-ORIG-Q-72x60x8 | C5: B07MHZTP8Q | D5: B07MHZTP8Q | E5: Active | F5: AMAZON_IN | G5: 50 | H5: 99 | I5: 13299.24 | J5: 15199 | K5: 17499
A6: SC-FLEX-52x28x4 | B6: SC-BABY-S-52x28x4 | C6: B07Y36RJJ2 | D6: B07Y36RJJ2 | E6: Active | F6: AMAZON_IN | G6: #N/A | H6: 29 | I6: 2599.35 | J6: 2999 | K6: 3999
A7: SC-SF-MFPILW-26x16x4 | B7: SC-MFPILW-BAM-S-25x16 | C7: B0822SXQGH | D7: B0822SXQGH | E7: Active | F7: AMAZON_IN | G7: 1053 | H7: 6343 | I7: 949 | J7: 999 | K7: 1989
A8: SC-A-ZIPILW-18x27 | B8: SC-CLPILW-S-27x18 | C8: B08KT1QRHJ | D8: B08KT1QRHJ | E8: Active | F8: AMAZON_IN | G8: 329 | H8: 4050 | I8: 949 | J8: 999 | K8: 1189
A9: SC-FLEX-RDUVET-D-90x100 | B9: SC-COMF-D-90x100 | C9: B08KTCGSQW | D9: B08KTCGSQW | E9: Active | F9: AMAZON_IN | G9: 122 | H9: 140 | I9: 1999 | J9: 2099 | K9: 2489
A10: SC-A-ZIPILWS2-27x18 | B10: SC-CLPILWSET2-S-27x18 | C10: B08R7MX63N | D10: B08R7MX63N | E10: Active | F10: AMAZON_IN | G10: 938 | H10: #N/A | I10: 1799 | J10: 1899 | K10: 2199
A11: SC-FLEX-75x36x10 | B11: SC-ORIG-S-75x36x10 | C11: B09BFD48NW | D11: B09BFD48NW | E11: Inactive | F11: AMAZON_IN | G11: 1 | H11: 0 | I11: 10259.24 | J11: 11699 | K11: 13499
A12: SC-ASF-HYBPILWSET2-S-26x16 | B12: SC-HYBPILWSET2-S-26x16 | C12: B09XF52Y5P | D12: B09XF52Y5P | E12: Active | F12: AMAZON_IN | G12: 66 | H12: #N/A | I12: 3499 | J12: 3499 | K12: 3699
A13: SC-A-HYBPILW-S-26x16 | B13: SC-HYBPILW-S-26X16 | C13: B09XF5SRRD | D13: B09XF5SRRD | E13: Active | F13: AMAZON_IN | G13: 142 | H13: 703 | I13: 1799 | J13: 1899 | K13: 1999
A14: SC-FLEX1-HYB-LATEX-K-75x72x6 | B14: SC-HYB-LATEX-K-75x72x6 | C14: B09XFLVCHN | D14: B09XFLVCHN | E14: Active | F14: AMAZON_IN | G14: 11 | H14: 46 | I14: 15999.2 | J14: 17999 | K14: 19999
A15: SC-ASF-HYB-LATEX-D-72x48x6 | B15: SC-HYB-LATEX-D-72x48x6 | C15: B09XFLYZ66 | D15: B09XFLYZ66 | E15: Active | F15: AMAZON_IN | G15: 25 | H15: 14 | I15: 11119.2 | J15: 12499 | K15: 13899
A16: SC-ASF-HYB-LATEX-S-72x36x6 | B16: SC-HYB-LATEX-S-72x36x6 | C16: B09XFMX37N | D16: B09XFMX37N | E16: Active | F16: AMAZON_IN | G16: 15 | H16: 43 | I16: 9119.2 | J16: 10299 | K16: 11399
A17: SC-FLEX-HYB-LATEX-K-78x72x8 | B17: SC-HYB-LATEX-K-78x72x8 | C17: B09XGCSRXY | D17: B09XGCSRXY | E17: Active | F17: AMAZON_IN | G17: 107 | H17: 228 | I17: 19039.2 | J17: 21399 | K17: 23799
A18: SC-ASF-HYB-LATEX-S-72x36x8 | B18: SC-HYB-LATEX-S-72x36x8 | C18: B09XGCTNFC | D18: B09XGCTNFC | E18: Active | F18: AMAZON_IN | G18: 13 | H18: 21 | I18: 10319.2 | J18: 11599 | K18: 12899
A19: SC-ASF-HYB-LATEX-D-78x48x6 | B19: SC-HYB-LATEX-D-78x48x6 | C19: B09XGGGFCX | D19: B09XGGGFCX | E19: Inactive | F19: AMAZON_IN | G19: 2 | H19: 2 | I19: 11759.2 | J19: 13199 | K19: 14699
A20: SC-FLEX-HYB-LATEX-Q-75x60x6 | B20: SC-HYB-LATEX-Q-75x60x6 | C20: B09XGK6Q4L | D20: B09XGK6Q4L | E20: Active | F20: AMAZON_IN | G20: 35 | H20: 115 | I20: 13839.2 | J20: 15599 | K20: 17299
A21: SC-FLEX-ULTM-K-72x72x8 | B21: SC-ULTM-K-72x72x8 | C21: B09XGNVVYK | D21: B09XGNVVYK | E21: Active | F21: AMAZON_IN | G21: 6 | H21: 26 | I21: 20019.23 | J21: 24699 | K21: 25999
A22: SC-FLEX-ULTM-Q-78x60x10 | B22: SC-ULTM-Q-78x60x10 | C22: B09XGPJ4CK | D22: B09XGPJ4CK | E22: Active | F22: AMAZON_IN | G22: 3 | H22: 34 | I22: 20019.23 | J22: 24699 | K22: 25999
A23: SC-ASF-HYB-LATEX-Q-78x60x6 | B23: SC-HYB-LATEX-Q-78x60x6 | C23: B09XGPZKTZ | D23: B09XGPZKTZ | E23: Active | F23: AMAZON_IN | G23: 54 | H23: 64 | I23: 14239.2 | J23: 15999 | K23: 17799
A24: SC-FLEX-ORIG-D-78x48x10 | B24: SC-ORIG-D-78x48x10 | C24: B0BB7HVLKV | D24: B0BB7HVLKV | E24: Active | F24: AMAZON_IN | G24: 1 | H24: 7 | I24: 12919.24 | J24: 14799 | K24: 16999
... A38: SC-FLEX-QRMTTOPPER-S-78x36x2 | B38: SC-QRMTTOPPER-S-78x36x2 | C38: B0GGZVVW7D | D38: B0GGZVVW7D | E38: Inactive | F38: AMAZON_IN | G38: 5 | H38: 1 | I38: 3569.15 | J38: 3999 | K38: 4199
A39: SC-FLEX-48x24x4 | B39: SC-BABY-S-48x24x4 | C39: B07Y37P1T3 | D39: B07Y37P1T3 | E39: Active | F39: AMAZON_IN | G39: #N/A | H39: 244 | I39: 1949 | J39: 2199 | K39: 2999
A40: SC-FLEX-PROT-D-BL-75x48 | B40: SC-PROT-D-BL-75x48 | C40: B0FVS9RRLZ | D40: B0FVS9RRLZ | E40: Inactive | F40: AMAZON_IN | G40: 4 | H40: 26 | I40: 800.1 | J40: 845 | K40: 889
A41: SC-ASF-75x60x6 | B41: SC-ORIG-Q-75x60x6 | C41: B0732TMKP8 | D41: B0732TMKP8 | E41: Active | F41: AMAZON_IN | G41: 49 | H41: 69 | I41: 12159.24 | J41: 13899 | K41: 15999
A42: SC-ASF-ORIG-78x42x6 | B42: SC-ORIG-S-78x42x6 | C42: B0732W7MRJ | D42: B0732W7MRJ | E42: Inactive | F42: AMAZON_IN | G42: #N/A | H42: 0 | I42: 9119.24 | J42: 10399 | K42: 11999
A43: SC-ASF-78x48x6 | B43: SC-ORIG-D-78x48x6 | C43: B0732W7MRK | D43: B0732W7MRK | E43: Active | F43: AMAZON_IN | G43: 9 | H43: 23 | I43: 10183.24 | J43: 11699 | K43: 13399
A44: SC-ASF-78x60x6 | B44: SC-ORIG-Q-78x60x6 | C44: B0732WFNVL | D44: B0732WFNVL | E44: Active | F44: AMAZON_IN | G44: 88 | H44: 117 | I44: 12311.24 | J44: 14099 | K44: 16199
A45: SC-ASF-78x66x6 | B45: SC-ORIG-Q-78x66x6 | C45: B0732XD4WD | D45: B0732XD4WD | E45: Inactive | F45: AMAZON_IN | G45: 1 | H45: 0 | I45: 13831.24 | J45: 15799 | K45: 18199
A46: SC-FLEX1-ORIG-K-78x72x6 | B46: SC-ORIG-K-78x72x6 | C46: B0732Y4N37 | D46: B0732Y4N37 | E46: Active | F46: AMAZON_IN | G46: 129 | H46: 103 | I46: 13983.24 | J46: 15999 | K46: 18399
A47: SC-ASF-78x36x6 | B47: SC-ORIG-S-78x36x6 | C47: B0732Y4N38 | D47: B0732Y4N38 | E47: Active | F47: AMAZON_IN | G47: 17 | H47: 30 | I47: 8359.24 | J47: 9599 | K47: 10999
A48: SC-ASF-75x48x6 | B48: SC-ORIG-D-75x48x6 | C48: B077Q8RLCP | D48: B077Q8RLCP | E48: Active | F48: AMAZON_IN | G48: 15 | H48: 31 | I48: 9879.24 | J48: 11299 | K48: 12999
A49: SC-ASF-75x36x6 | B49: SC-ORIG-S-75x36x6 | C49: B077Q9YRMV | D49: B077Q9YRMV | E49: Active | F49: AMAZON_IN | G49: 5 | H49: 29 | I49: 8055.24 | J49: 9199 | K49: 10599
A50: SC-ASF-72x48x6 | B50: SC-ORIG-D-72x48x6 | C50: B077Q9YRMY | D50: B077Q9YRMY | E50: Active | F50: AMAZON_IN | G50: 45 | H50: 83 | I50: 9727.24 | J50: 11099 | K50: 12799
A51: SC-ASF-72x66x6 | B51: SC-ORIG-Q-72x66x6 | C51: B077QB4R3Y | D51: B077QB4R3Y | E51: Inactive | F51: AMAZON_IN | G51: 1 | H51: 0 | I51: 13147.24 | J51: 15099 | K51: 17299
A52: SC-ASF-72x72x6 | B52: SC-ORIG-K-72x72x6 | C52: B077QJVWBR | D52: B077QJVWBR | E52: Active | F52: AMAZON_IN | G52: 61 | H52: 82 | I52: 13679.24 | J52: 15699 | K52: 17999
A53: ASF-O1-ZZYY-NY6L | B53: SC-ORIG-S-72x42x6 | C53: B077QJVWPB | D53: B077QJVWPB | E53: Inactive | F53: AMAZON_IN | G53: #N/A | H53: #N/A | I53: 9119.24 | J53: 10399 | K53: 11999
A54: SC-ASF-75x66x6 | B54: SC-ORIG-Q-75x66x6 | C54: B0784G85Q4 | D54: B0784G85Q4 | E54: Inactive | F54: AMAZON_IN | G54: 1 | H54: 1 | I54: 13451.24 | J54: 15399 | K54: 17699
A55: SC-ASF-72x36x6 | B55: SC-ORIG-S-72x36x6 | C55: B078BRGTDM | D55: B078BRGTDM | E55: Active | F55: AMAZON_IN | G55: 41 | H55: 57 | I55: 7903.24 | J55: 8999 | K55: 10399
A56: SC-ASF-78x60x8 | B56: SC-ORIG-Q-78x60x8 | C56: B07JN4C3NB | D56: B07JN4C3NB | E56: Active | F56: AMAZON_IN | G56: 55 | H56: 94 | I56: 14059.24 | J56: 16099 | K56: 18499
A57: SC-ASF-72x72x8 | B57: SC-ORIG-K-72x72x8 | C57: B07M72KSRM | D57: B07M72KSRM | E57: Active | F57: AMAZON_IN | G57: 43 | H57: 75 | I57: 15503.24 | J57: 17699 | K57: 20399
A58: SC-ASF-75x60x8 | B58: SC-ORIG-Q-75x60x8 | C58: B07MBSJ553 | D58: B07MBSJ553 | E58: Active | F58: AMAZON_IN | G58: 42 | H58: 97 | I58: 13679.24 | J58: 15699 | K58: 17999
A59: SC-ASF-75x72x8 | B59: SC-ORIG-K-75x72x8 | C59: B07MHZVDNP | D59: B07MHZVDNP | E59: Active | F59: AMAZON_IN | G59: 25 | H59: 23 | I59: 15883.24 | J59: 18199 | K59: 20899
A60: SC-ASF-75x36x8 | B60: SC-ORIG-S-75x36x8 | C60: B07NLFV79S | D60: B07NLFV79S | E60: Inactive | F60: AMAZON_IN | G60: 1 | H60: 0 | I60: 9119.24 | J60: 10399 | K60: 11999
A61: SC-ASF-75x48x8 | B61: SC-ORIG-D-75x48x8 | C61: B07NLFVP6H | D61: B07NLFVP6H | E61: Active | F61: AMAZON_IN | G61: 7 | H61: 36 | I61: 11323.24 | J61: 12999 | K61: 14899
A62: SC-ASF-72x48x8 | B62: SC-ORIG-D-72x48x8 | C62: B07PVC8NR5 | D62: B07PVC8NR5 | E62: Active | F62: AMAZON_IN | G62: 27 | H62: 64 | I62: 11019.24 | J62: 12599 | K62: 14499
A63: SC-ASF-78x48x8 | B63: SC-ORIG-D-78x48x8 | C63: B07PW985JH | D63: B07PW985JH | E63: Inactive | F63: AMAZON_IN | G63: 2 | H63: 4 | I63: 11399.24 | J63: 12999 | K63: 14999
A64: SC-ASF-72x36x8 | B64: SC-ORIG-S-72x36x8 | C64: B07PXG7NPX | D64: B07PXG7NPX | E64: Active | F64: AMAZON_IN | G64: 16 | H64: 35 | I64: 8815.24 | J64: 10099 | K64: 11599
A65: SC-ASF-78x36x8 | B65: SC-ORIG-S-78x36x8 | C65: B07PYHX5P7 | D65: B07PYHX5P7 | E65: Active | F65: AMAZON_IN | G65: 1 | H65: 12 | I65: 9347.24 | J65: 10699 | K65: 12299
... A67: SC-FLEX-P-75x66 | B67: SC-PROT-Q-75x66 | C67: B0822V9JY7 | D67: B0822V9JY7 | E67: Active | F67: AMAZON_IN | G67: 7 | H67: 50 | I67: 944.1 | J67: 999 | K67: 1049
A68: SC-ASF-P-72x66 | B68: SC-PROT-Q-72x66 | C68: B0822VBPYC | D68: B0822VBPYC | E68: Active | F68: AMAZON_IN | G68: #N/A | H68: 68 | I68: 944.1 | J68: 999 | K68: 1049
A69: SC-ASF-P-72x48 | B69: SC-PROT-D-72x48 | C69: B0822VTPQ4 | D69: B0822VTPQ4 | E69: Active | F69: AMAZON_IN | G69: 19 | H69: 92 | I69: 800.1 | J69: 845 | K69: 889
A70: SC-ASF-P-78x48 | B70: SC-PROT-D-78x48 | C70: B0822VYH6P | D70: B0822VYH6P | E70: Active | F70: AMAZON_IN | G70: 3 | H70: 24 | I70: 800.1 | J70: 845 | K70: 889
A71: SC-ASF-P-72x36 | B71: SC-PROT-S-72x36 | C71: B0822W49Z9 | D71: B0822W49Z9 | E71: Active | F71: AMAZON_IN | G71: 16 | H71: 84 | I71: 710.1 | J71: 750 | K71: 789
A72: SC-ASF-P-75x72 | B72: SC-PROT-K-75x72 | C72: B0822W6ZCG | D72: B0822W6ZCG | E72: Active | F72: AMAZON_IN | G72: 45 | H72: 262 | I72: 980.1 | J72: 1035 | K72: 1089
A73: SC-ASF-P-72x72 | B73: SC-PROT-K-72x72 | C73: B0822WG76C | D73: B0822WG76C | E73: Active | F73: AMAZON_IN | G73: 27 | H73: 117 | I73: 980.1 | J73: 1035 | K73: 1089
A74: SC-ASF-P-75x60 | B74: SC-PROT-Q-75x60 | C74: B0822WH47T | D74: B0822WH47T | E74: Active | F74: AMAZON_IN | G74: 23 | H74: 151 | I74: 890.1 | J74: 940 | K74: 989
A75: SC-ASF-P-78x60 | B75: SC-PROT-Q-78x60 | C75: B0822WJWGS | D75: B0822WJWGS | E75: Active | F75: AMAZON_IN | G75: 49 | H75: 1132 | I75: 890.1 | J75: 940 | K75: 989
A76: SC-ASF-P-78x72 | B76: SC-PROT-K-78x72 | C76: B0822WWZRV | D76: B0822WWZRV | E76: Active | F76: AMAZON_IN | G76: 169 | H76: 1112 | I76: 980.1 | J76: 1035 | K76: 1089
A77: SC-ASF-P-72x60 | B77: SC-PROT-Q-72x60 | C77: B0822X8LZY | D77: B0822X8LZY | E77: Active | F77: AMAZON_IN | G77: 17 | H77: 220 | I77: 890.1 | J77: 940 | K77: 989
A78: SC-ASF-P-75x48 | B78: SC-PROT-D-75x48 | C78: B0822XBCF1 | D78: B0822XBCF1 | E78: Active | F78: AMAZON_IN | G78: 10 | H78: 151 | I78: 800.1 | J78: 845 | K78: 889
A79: SC-ASF-P-78x66 | B79: SC-PROT-Q-78x66 | C79: B0822XLRG1 | D79: B0822XLRG1 | E79: Active | F79: AMAZON_IN | G79: #N/A | H79: 146 | I79: 944.1 | J79: 999 | K79: 1049
A80: SC-ASF-P-78x36 | B80: SC-PROT-S-78x36 | C80: B0822XQZVK | D80: B0822XQZVK | E80: Active | F80: AMAZON_IN | G80: 3 | H80: 67 | I80: 710.1 | J80: 750 | K80: 789
A81: SC-ASF-BDPILW-19x50 | B81: SC-BDPILW-S-50x19 | C81: B08KS2YSFR | D81: B08KS2YSFR | E81: Active | F81: AMAZON_IN | G81: 620 | H81: 1226 | I81: 1499 | J81: 1799 | K81: #REF!
A82: SC-ASF-RDUVET-S-90x60 | B82: SC-COMF-S-90x60 | C82: B08KTCLX7R | D82: B08KTCLX7R | E82: Inactive | F82: AMAZON_IN | G82: 28 | H82: 0 | I82: 1597.15 | J82: 1599 | K82: 1879
A83: SC-ASF-LMRDUVET-D-90x100 | B83: SC-LMCOMF-D-90x100 | C83: B08R67YCQG | D83: B08R67YCQG | E83: Inactive | F83: AMAZON_IN | G83: 2 | H83: 0 | I83: 1999 | J83: 2099 | K83: 2489
A84: SC-ASF-LMRDUVET-S-90x60 | B84: SC-LMCOMF-S-90x60 | C84: B08R68DVBT | D84: B08R68DVBT | E84: Inactive | F84: AMAZON_IN | G84: #N/A | H84: 0 | I84: 1597.15 | J84: 1599 | K84: 1879
A85: SC-ASF-MFPILWS2-26x16x4 | B85: SC-MFPILWSET2-BAM-S-25x16 | C85: B08R8DC5BB | D85: B08R8DC5BB | E85: Active | F85: AMAZON_IN | G85: 2174 | H85: #N/A | I85: 1799 | J85: 1899 | K85: 3699
A86: SC-ASF-MFPILWS4-26x16x4 | B86: SC-MFPILWSET4-BAM-S-25x16 | C86: B08R8DQ3T4 | D86: B08R8DQ3T4 | E86: Active | F86: AMAZON_IN | G86: 448 | H86: #N/A | I86: 3499 | J86: 3799 | K86: 6599
A87: SC-ASF-ZIPILWS4-27x18 | B87: SC-CLPILWSET4-S-27x18 | C87: B08R8GN8KH | D87: B08R8GN8KH | E87: Active | F87: AMAZON_IN | G87: 212 | H87: #N/A | I87: 3699 | J87: 3699 | K87: 3999
A88: SC-FLEX-ZIPILWS2-20x32 | B88: SC-CLPILWSET2-P-32x20 | C88: B08V53S7J5 | D88: B08V53S7J5 | E88: Active | F88: AMAZON_IN | G88: 648 | H88: #N/A | I88: 1899 | J88: 2499 | K88: 2599
A89: SC-ASF-ZIPILWS4-20x32 | B89: SC-CLPILWSET4-P-32x20 | C89: B08V53Z18N | D89: B08V53Z18N | E89: Active | F89: AMAZON_IN | G89: 144 | H89: #N/A | I89: 3899 | J89: 4899 | K89: 5956
A90: SC-FLEX-ZIPILW-20x32 | B90: SC-CLPILW-P-32x20 | C90: B08V5B923X | D90: B08V5B923X | E90: Active | F90: AMAZON_IN | G90: 181 | H90: 1461 | I90: 999 | J90: 1299 | K90: 1489
A91: SC-ASF-PETORIG-M-26x36 | B91: SC-PETBEDORIG-M-36x26 | C91: B091CVL3WN | D91: B091CVL3WN | E91: Inactive | F91: AMAZON_IN | G91: #N/A | H91: 56 | I91: 1392.3 | J91: 1399 | K91: 1989
A92: SC-ASF-PETORTHO-M-28x26 | B92: SC-PETBEDORTHO-M-28x26 | C92: B091CWJV2X | D92: B091CWJV2X | E92: Inactive | F92: AMAZON_IN | G92: #N/A | H92: 14 | I92: 2092.3 | J92: 2099 | K92: 2989
A93: SC-ASF-MFPILWS2-P-28x18 | B93: SC-MFPILWSET2-BAM-P-28x18 | C93: B096RWZKMC | D93: B096RWZKMC | E93: Active | F93: AMAZON_IN | G93: 40 | H93: #N/A | I93: 2999 | J93: 3899 | K93: 4599
A94: SC-ASF-MFPILW-P-28x18 | B94: SC-MFPILW-BAM-P-28x18 | C94: B096RZ5P5C | D94: B096RZ5P5C | E94: Active | F94: AMAZON_IN | G94: 41 | H94: 161 | I94: 1599 | J94: 1999 | K94: 2489
A95: SC-ASF-MFPILWS4-P-28x18 | B95: SC-MFPILWSET4-BAM-P-28x18 | C95: B096RZRMR5 | D95: B096RZRMR5 | E95: Inactive | F95: AMAZON_IN | G95: 8 | H95: #N/A | I95: 6299 | J95: 7799 | K95: 8299
A96: SC-ASF-75x60x10 | B96: SC-ORIG-Q-75x60x10 | C96: B09BFBRLLB | D96: B09BFBRLLB | E96: Active | F96: AMAZON_IN | G96: 4 | H96: 2 | I96: 15731.24 | J96: 17999 | K96: 20699
A97: SC-ASF-75x72x10 | B97: SC-ORIG-K-75x72x10 | C97: B09BFC4KSB | D97: B09BFC4KSB | E97: Active | F97: AMAZON_IN | G97: 5 | H97: 16 | I97: 17935.24 | J97: 20499 | K97: 23599
A98: SC-ASF-78x36x10 | B98: SC-ORIG-S-78x36x10 | C98: B09BFC77HD | D98: B09BFC77HD | E98: Inactive | F98: AMAZON_IN | G98: 2 | H98: 0 | I98: 10639.24 | J98: 12199 | K98: 13999
A99: SC-ASF-78x72x10 | B99: SC-ORIG-K-78x72x10 | C99: B09BFC81R8 | D99: B09BFC81R8 | E99: Active | F99: AMAZON_IN | G99: 19 | H99: 20 | I99: 18619.24 | J99: 21299 | K99: 24499
A100: SC-ASF-72x72x10 | B100: SC-ORIG-K-72x72x10 | C100: B09BFCFQ9G | D100: B09BFCFQ9G | E100: Active | F100: AMAZON_IN | G100: 12 | H100: 51 | I100: 17479.24 | J100: 19999 | K100: 22999
A101: SC-ASF-72x36x10 | B101: SC-ORIG-S-72x36x10 | C101: B09BFCJDVZ | D101: B09BFCJDVZ | E101: Active | F101: AMAZON_IN | G101: 2 | H101: 10 | I101: 9879.24 | J101: 11299 | K101: 12999
A102: SC-ASF-78x60x10 | B102: SC-ORIG-Q-78x60x10 | C102: B09BFD1ZB3 | D102: B09BFD1ZB3 | E102: Active | F102: AMAZON_IN | G102: 30 | H102: 42 | I102: 15807.24 | J102: 18099 | K102: 20799
A103: SC-ASF-72x60x10 | B103: SC-ORIG-Q-72x60x10 | C103: B09BFDR5TH | D103: B09BFDR5TH | E103: Active | F103: AMAZON_IN | G103: 11 | H103: 21 | I103: 15047.24 | J103: 17199 | K103: 19799
A104: SC-ASF-CFCOMF-S-90x60 | B104: SC-CFCOMF-S-90x60 | C104: B09BYHF63W | D104: B09BYHF63W | E104: Inactive | F104: AMAZON_IN | G104: #N/A | H104: 0 | I104: 1597.15 | J104: 1599 | K104: 1879
A105: SC-ASF-CFCOMF-D-90x100 | B105: SC-CFCOMF-D-90x100 | C105: B09BYVBCRW | D105: B09BYVBCRW | E105: Inactive | F105: AMAZON_IN | G105: 5 | H105: 1 | I105: 1999 | J105: 2099 | K105: 2489
A106: SC-ASF-PKCOMF-D-90x100 | B106: SC-PKCOMF-D-90x100 | C106: B09BYWZCXM | D106: B09BYWZCXM | E106: Inactive | F106: AMAZON_IN | G106: 61 | H106: 2 | I106: 1999 | J106: 2099 | K106: 2489
A107: SC-ASF-PKCOMF-S-90x60 | B107: SC-PKCOMF-S-90x60 | C107: B09BZ51DLD | D107: B09BZ51DLD | E107: Inactive | F107: AMAZON_IN | G107: 9 | H107: 2 | I107: 1597.15 | J107: 1599 | K107: 1879
A108: SC-ASF-SLMPILW-S-26x16 | B108: SC-SLMPILW-S-26X16 | C108: B09XBMFFZY | D108: B09XBMFFZY | E108: Active | F108: AMAZON_IN | G108: 312 | H108: 391 | I108: 899 | J108: 949 | K108: 999
A109: SC-ASF-SLMPILWSET2-S-26x16 | B109: SC-SLMPILWSET2-S-26X16 | C109: B09XBNLXW7 | D109: B09XBNLXW7 | E109: Active | F109: AMAZON_IN | G109: 322 | H109: #N/A | I109: 1699 | J109: 1799 | K109: 1849
A110: SC-ASF-HYBPILW-P-30x18 | B110: SC-HYBPILW-P-30x18 | C110: B09XF2BH2M | D110: B09XF2BH2M | E110: Inactive | F110: AMAZON_IN | G110: #N/A | H110: 0 | I110: 2399 | J110: 2499 | K110: 2499
A111: SC-ASF-MFPILWS2-CLT-S-25x16 | B111: SC-MFPILWSET2-CLT-S-25x16 | C111: B09XF8H7BK | D111: B09XF8H7BK | E111: Active | F111: AMAZON_IN | G111: 44 | H111: #N/A | I111: 4299 | J111: 4499 | K111: 5599
A112: SC-ASF-MFPILW-CLT-S-25x16 | B112: SC-MFPILW-CLT-S-25x16 | C112: B09XF967YW | D112: B09XF967YW | E112: Active | F112: AMAZON_IN | G112: 59 | H112: 505 | I112: 2199 | J112: 2299 | K112: 2989
A113: SC-ASF-CONMFPILW-BAM-25x16 | B113: SC-MFPILW-BAM-C-25x16 | C113: B09XFF5LPL | D113: B09XFF5LPL | E113: Active | F113: AMAZON_IN | G113: 523 | H113: 2177 | I113: 999 | J113: 999 | K113: 1989
A114: SC-ASF-CON-MFPILW-CLT-25x16 | B114: SC-MFPILW-CLT-C-25x16 | C114: B09XFFBND4 | D114: B09XFFBND4 | E114: Active | F114: AMAZON_IN | G114: 38 | H114: 372 | I114: 1899 | J114: 1999 | K114: 2989
...

Sheet Sheet4
A1: MASTER SKU | B1: width | C1: fallback Sku for price | D1: FLEX SKU | E1: SS SKU | F1: FK FSN | G1: Product | H1: CATEGORY | I1: MRP | J1: EVENT | K1: EVENT SP | L1: BAU | M1: BAU SP | N1: 16TH TO 31ST DIS | O1: 16TH TO 31ST SP | P1: Disc_level2 | Q1: Prices_level2 | S1: Price Increase | T1: DW% | U1: OLD COGS | V1: OLD NET | W1: OLD GM | X1: OLD GM% | Y1: NEW COGS | Z1: NEW NET | AA1: NEW GM | AB1: NEW GM% | AC1: Inches | AD1: COGS Increase | AG1: Event Disc% | AH1: Event Pricing | AI1: Event GM | AJ1: Event GM% | AL1: New BAU2 Disc% | AM1: New BAU2 Discount | AN1: New BAU2 Pricing
A2: SC-ULTM-LATEX-K-78x72x8 | B2: =VALUE(MID(A2, FIND("x",A2,10)+1, FIND("x",A2,FIND("x",A2,10)+1)-FIND("x",A2,10)-1)) -> 72 | C2: =SUBSTITUTE(A2, "x"&TEXT(B2,"0")&"x", "x"&TEXT(B2+2,"0")&"x") -> SC-ULTM-LATEX-K-78x74x8 | D2: SC-ASF-ULTM-LATEX-K-78x72x8 | E2: SC-A-ULTM-LATEX-K-78x72x8 | F2: SC-F-ULTM-LATEX-K-78x72x8 | G2: Ultima Latex Mattress | H2: Mattress | I2: 34999 | J2: 0.23 | K2: =ROUND(I2-I2*J2,0) -> 26949 | L2: 0.18 | M2: =ROUND(I2-I2*L2,0) -> 28699 | N2: =1-O2/I2 -> 0.10000286 | O2: 31499 | P2: =1-Q2/I2 -> 0.10000286 | Q2: 31499 | S2: =O2/M2-1 -> 0.097564375 | T2: =iferror(vlookup(A2,COGS!B:C,2,0),0%) -> 0 | U2: =IFERROR(XLOOKUP(A2,COGS!I:I,COGS!J:J), IFERROR(XLOOKUP(C2,COGS!I:I,COGS!J:J),"")) | V2: =M2/1.18 -> 24321.186 | W2: =V2-U2 -> 24321.186 | X2: =W2/V2 -> 1 | Y2: =iferror(xlookup(A2,COGS!$I:$I,COGS!$K:$K),U2*(1+iferror(vlookup(G2,COGS!$R:$U,4,0),15%))) -> 0 | Z2: =O2/118% -> 26694.068 | AA2: =Z2-Y2 -> 26694.068 | AB2: =AA2/Z2 -> 1 | AC2: =RIGHT(A2,1) -> 8 | AD2: =Y2/U2-1 -> #DIV/0! | AG2: {=IFERROR(xlookup(G2,'Old Master'!T:T,'Old Master'!V:V),N2)} -> 0.10000286 | AH2: =I2*(1-AG2) -> 31499 | AI2: =AH2/118%-Y2 -> 26694.068 | AJ2: =AI2/(AH2/118%) -> 1 | AL2: {=iferror(if(isblank(xlookup($G2,'Old Master'!$T:$T,'Old Master'!$W:$W)),AG2,xlookup($G2,'Old Master'!$T:$T,'Old Master'!$W:$W)),AG2)} -> 0.10000286 | AM2: =(I2-AN2)/I2 -> 0.10000286 | AN2: =mround($I2*(1-AL2),100)-1 -> 31499
A3: SC-HYB-LATEX-K-78x72x8 | B3: =VALUE(MID(A3, FIND("x",A3,10)+1, FIND("x",A3,FIND("x",A3,10)+1)-FIND("x",A3,10)-1)) -> 72 | C3: =SUBSTITUTE(A3, "x"&TEXT(B3,"0")&"x", "x"&TEXT(B3+2,"0")&"x") -> SC-HYB-LATEX-K-78x74x8 | D3: SC-FLEX-HYB-LATEX-K-78x72x8 | E3: SC-A-HYB-LATEX-K-78x72x8 | F3: SC-F-HYB-LATEX-K-78x72x8 | G3: Hybrid Latex Mattress | H3: Mattress | I3: 23799 | J3: 0.25 | K3: =ROUND(I3-I3*J3,0) -> 17849 | L3: 0.2 | M3: =ROUND(I3-I3*L3,0) -> 19039 | N3: 0.16 | O3: =I3*(1-N3) -> 19991.16 | P3: 0.13 | Q3: =I3*(1-P3) -> 20705.13 | R3: =Q3/M3-1 -> 0.087511424 | S3: =O3/M3-1 -> 0.05001103 | T3: =iferror(vlookup(A3,COGS!B:C,2,0),0%) -> 0 | U3: =IFERROR(XLOOKUP(A3,COGS!I:I,COGS!J:J), IFERROR(XLOOKUP(C3,COGS!I:I,COGS!J:J),"")) | V3: =M3/1.18 -> 16134.746 | W3: =V3-U3 -> 16134.746 | X3: =W3/V3 -> 1 | Y3: =iferror(xlookup(A3,COGS!$I:$I,COGS!$K:$K),U3*(1+iferror(vlookup(G3,COGS!$R:$U,4,0),15%))) -> 0 | Z3: =O3/118% -> 16941.661 | AA3: =Z3-Y3 -> 16941.661 | AB3: =AA3/Z3 -> 1 | AC3: =RIGHT(A3,1) -> 8 | AD3: =Y3/U3-1 -> #DIV/0! | AE3: =Q3/118%-Y3 -> 17546.72 | AF3: =AE3/(Q3/1.18) -> 1 | AG3: {=IFERROR(xlookup(G3,'Old Master'!T:T,'Old Master'!V:V),N3)} -> 0.16 | AH3: =I3*(1-AG3) -> 19991.16 | AI3: =AH3/118%-Y3 -> 16941.661 | AJ3: =AI3/(AH3/118%) -> 1 | AL3: {=iferror(if(isblank(xlookup($G3,'Old Master'!$T:$T,'Old Master'!$W:$W)),AG3,xlookup($G3,'Old Master'!$T:$T,'Old Master'!$W:$W)),AG3)} -> 0.16 | AM3: =(I3-AN3)/I3 -> 0.15967057 | AN3: =mround($I3*(1-AL3),100)-1 -> 19999
A4: SC-HYB-LATEX-Q-78x60x8 | B4: =VALUE(MID(A4, FIND("x",A4,10)+1, FIND("x",A4,FIND("x",A4,10)+1)-FIND("x",A4,10)-1)) -> 60 | C4: =SUBSTITUTE(A4, "x"&TEXT(B4,"0")&"x", "x"&TEXT(B4+2,"0")&"x") -> SC-HYB-LATEX-Q-78x62x8 | D4: SC-ASF-HYB-LATEX-Q-78x60x8 | E4: SC-A-HYB-LATEX-Q-78x60x8 | F4: SC-F-HYB-LATEX-Q-78x60x8 | G4: Hybrid Latex Mattress | H4: Mattress | I4: 20199 | J4: 0.25 | K4: =ROUND(I4-I4*J4,0) -> 15149 | L4: 0.2 | M4: =ROUND(I4-I4*L4,0) -> 16159 | N4: 0.16 | O4: =I4*(1-N4) -> 16967.16 | P4: 0.13 | Q4: =I4*(1-P4) -> 17573.13 | R4: =Q4/M4-1 -> 0.08751346 | S4: =O4/M4-1 -> 0.050012996 | T4: =iferror(vlookup(A4,COGS!B:C,2,0),0%) -> 0 | U4: =IFERROR(XLOOKUP(A4,COGS!I:I,COGS!J:J), IFERROR(XLOOKUP(C4,COGS!I:I,COGS!J:J),"")) | V4: =M4/1.18 -> 13694.068 | W4: =V4-U4 -> 13694.068 | X4: =W4/V4 -> 1 | Y4: =iferror(xlookup(A4,COGS!$I:$I,COGS!$K:$K),U4*(1+iferror(vlookup(G4,COGS!$R:$U,4,0),15%))) -> 0 | Z4: =O4/118% -> 14378.949 | AA4: =Z4-Y4 -> 14378.949 | AB4: =AA4/Z4 -> 1 | AC4: =RIGHT(A4,1) -> 8 | AD4: =Y4/U4-1 -> #DIV/0! | AE4: =Q4/118%-Y4 -> 14892.483 | AF4: =AE4/(Q4/1.18) -> 1 | AG4: {=IFERROR(xlookup(G4,'Old Master'!T:T,'Old Master'!V:V),N4)} -> 0.16 | AH4: =I4*(1-AG4) -> 16967.16 | AI4: =AH4/118%-Y4 -> 14378.949 | AJ4: =AI4/(AH4/118%) -> 1 | AL4: {=iferror(if(isblank(xlookup($G4,'Old Master'!$T:$T,'Old Master'!$W:$W)),AG4,xlookup($G4,'Old Master'!$T:$T,'Old Master'!$W:$W)),AG4)} -> 0.16 | AM4: =(I4-AN4)/I4 -> 0.15842368 | AN4: =mround($I4*(1-AL4),100)-1 -> 16999
A5: SC-HYB-LATEX-K-78x72x6 | B5: =VALUE(MID(A5, FIND("x",A5,10)+1, FIND("x",A5,FIND("x",A5,10)+1)-FIND("x",A5,10)-1)) -> 72 | C5: =SUBSTITUTE(A5, "x"&TEXT(B5,"0")&"x", "x"&TEXT(B5+2,"0")&"x") -> SC-HYB-LATEX-K-78x74x6 | D5: SC-SF-HYB-LATEX-K-78x72x6 | E5: SC-A-HYB-LATEX-K-78x72x6 | F5: SC-F-HYB-LATEX-K-78x72x6 | G5: Hybrid Latex Mattress | H5: Mattress | I5: 20699 | J5: 0.25 | K5: =ROUND(I5-I5*J5,0) -> 15524 | L5: 0.2 | M5: =ROUND(I5-I5*L5,0) -> 16559 | N5: 0.16 | O5: =I5*(1-N5) -> 17387.16 | P5: 0.13 | Q5: =I5*(1-P5) -> 18008.13 | R5: =Q5/M5-1 -> 0.087513135 | S5: =O5/M5-1 -> 0.050012682 | T5: =iferror(vlookup(A5,COGS!B:C,2,0),0%) -> 0 | U5: =IFERROR(XLOOKUP(A5,COGS!I:I,COGS!J:J), IFERROR(XLOOKUP(C5,COGS!I:I,COGS!J:J),"")) | V5: =M5/1.18 -> 14033.051 | W5: =V5-U5 -> 14033.051 | X5: =W5/V5 -> 1 | Y5: =iferror(xlookup(A5,COGS!$I:$I,COGS!$K:$K),U5*(1+iferror(vlookup(G5,COGS!$R:$U,4,0),15%))) -> 0 | Z5: =O5/118% -> 14734.881 | AA5: =Z5-Y5 -> 14734.881 | AB5: =AA5/Z5 -> 1 | AC5: =RIGHT(A5,1) -> 6 | AD5: =Y5/U5-1 -> #DIV/0! | AE5: =Q5/118%-Y5 -> 15261.127 | AF5: =AE5/(Q5/1.18) -> 1 | AG5: {=IFERROR(xlookup(G5,'Old Master'!T:T,'Old Master'!V:V),N5)} -> 0.16 | AH5: =I5*(1-AG5) -> 17387.16 | AI5: =AH5/118%-Y5 -> 14734.881 | AJ5: =AI5/(AH5/118%) -> 1 | AL5: {=iferror(if(isblank(xlookup($G5,'Old Master'!$T:$T,'Old Master'!$W:$W)),AG5,xlookup($G5,'Old Master'!$T:$T,'Old Master'!$W:$W)),AG5)} -> 0.16 | AM5: =(I5-AN5)/I5 -> 0.15942799 | AN5: =mround($I5*(1-AL5),100)-1 -> 17399
A6: SC-ULTM-LATEX-Q-78x60x8 | B6: =VALUE(MID(A6, FIND("x",A6,10)+1, FIND("x",A6,FIND("x",A6,10)+1)-FIND("x",A6,10)-1)) -> 60 | C6: =SUBSTITUTE(A6, "x"&TEXT(B6,"0")&"x", "x"&TEXT(B6+2,"0")&"x") -> SC-ULTM-LATEX-Q-78x62x8 | D6: SC-ASF-ULTM-LATEX-Q-78x60x8 | E6: SC-A-ULTM-LATEX-Q-78x60x8 | F6: SC-F-ULTM-LATEX-Q-78x60x8 | G6: Ultima Latex Mattress | H6: Mattress | I6: 31999 | J6: 0.23 | K6: =ROUND(I6-I6*J6,0) -> 24639 | L6: 0.18 | M6: =ROUND(I6-I6*L6,0) -> 26239 | N6: =1-O6/I6 -> 0.10000313 | O6: 28799 | P6: =1-Q6/I6 -> 0.10000313 | Q6: 28799 | S6: =O6/M6-1 -> 0.097564694 | T6: =iferror(vlookup(A6,COGS!B:C,2,0),0%) -> 0 | U6: =IFERROR(XLOOKUP(A6,COGS!I:I,COGS!J:J), IFERROR(XLOOKUP(C6,COGS!I:I,COGS!J:J),"")) | V6: =M6/1.18 -> 22236.441 | W6: =V6-U6 -> 22236.441 | X6: =W6/V6 -> 1 | Y6: =iferror(xlookup(A6,COGS!$I:$I,COGS!$K:$K),U6*(1+iferror(vlookup(G6,COGS!$R:$U,4,0),15%))) -> 0 | Z6: =O6/118% -> 24405.932 | AA6: =Z6-Y6 -> 24405.932 | AB6: =AA6/Z6 -> 1 | AC6: =RIGHT(A6,1) -> 8 | AD6: =Y6/U6-1 -> #DIV/0! | AG6: {=IFERROR(xlookup(G6,'Old Master'!T:T,'Old Master'!V:V),N6)} -> 0.10000313 | AH6: =I6*(1-AG6) -> 28799 | AI6: =AH6/118%-Y6 -> 24405.932 | AJ6: =AI6/(AH6/118%) -> 1 | AL6: {=iferror(if(isblank(xlookup($G6,'Old Master'!$T:$T,'Old Master'!$W:$W)),AG6,xlookup($G6,'Old Master'!$T:$T,'Old Master'!$W:$W)),AG6)} -> 0.10000313 | AM6: =(I6-AN6)/I6 -> 0.10000313 | AN6: =mround($I6*(1-AL6),100)-1 -> 28799
A7: SC-4TFOLD-BL-72x48 | B7: =VALUE(MID(A7, FIND("x",A7,10)+1, FIND("x",A7,FIND("x",A7,10)+1)-FIND("x",A7,10)-1)) -> #VALUE! | C7: =SUBSTITUTE(A7, "x"&TEXT(B7,"0")&"x", "x"&TEXT(B7+2,"0")&"x") -> #VALUE! | D7: SC-FLEX-4TFOLD-BL-72X48 | E7: 0 | F7: SC-F-4TFOLD-BL-72X48 | G7: Tri-fold Mattress | H7: Mattress | I7: 7499 | J7: 0.25 | K7: =ROUND(I7-I7*J7,0) -> 5624 | L7: 0.2 | M7: =ROUND(I7-I7*L7,0) -> 5999 | N7: 0.15 | O7: =I7*(1-N7) -> 6374.15 | P7: 0.15 | Q7: =I7*(1-P7) -> 6374.15 | S7: =O7/M7-1 -> 0.062535423 | T7: =iferror(vlookup(A7,COGS!B:C,2,0),0%) -> 0 | U7: =IFERROR(XLOOKUP(A7,COGS!I:I,COGS!J:J), IFERROR(XLOOKUP(C7,COGS!I:I,COGS!J:J),"")) | V7: =M7/1.18 -> 5083.8983 | W7: =V7-U7 -> 5083.8983 | X7: =W7/V7 -> 1 | Y7: =iferror(xlookup(A7,COGS!$I:$I,COGS!$K:$K),U7*(1+iferror(vlookup(G7,COGS!$R:$U,4,0),15%))) -> 0 | Z7: =O7/118% -> 5401.822 | AA7: =Z7-Y7 -> 5401.822 | AB7: =AA7/Z7 -> 1 | AC7: =RIGHT(A7,1) -> 8 | AD7: =Y7/U7-1 -> #DIV/0! | AG7: {=IFERROR(xlookup(G7,'Old Master'!T:T,'Old Master'!V:V),N7)} -> 0.15 | AH7: =I7*(1-AG7) -> 6374.15 | AI7: =AH7/118%-Y7 -> 5401.822 | AJ7: =AI7/(AH7/118%) -> 1 | AL7: {=iferror(if(isblank(xlookup($G7,'Old Master'!$T:$T,'Old Master'!$W:$W)),AG7,xlookup($G7,'Old Master'!$T:$T,'Old Master'!$W:$W)),AG7)} -> 0.15 | AM7: =(I7-AN7)/I7 -> 0.14668622 | AN7: =mround($I7*(1-AL7),100)-1 -> 6399
A8: SC-ULTM-K-78x72x8 | B8: =VALUE(MID(A8, FIND("x",A8,10)+1, FIND("x",A8,FIND("x",A8,10)+1)-FIND("x",A8,10)-1)) -> 72 | C8: =SUBSTITUTE(A8, "x"&TEXT(B8,"0")&"x", "x"&TEXT(B8+2,"0")&"x") -> SC-ULTM-K-78x74x8 | D8: SC-ASF-ULTM-K-78x72x8 | E8: SC-ULTM-K-78x72x8 | F8: SC-ULTM-K-78x72x8 | G8: Ultima Mattress | H8: Mattress | I8: 25999 | J8: 0.25 | K8: =ROUND(I8-I8*J8,0) -> 19499 | L8: 0.22 | M8: =ROUND(I8-I8*L8,0) -> 20279 | N8: =1-O8/I8 -> 0.10000385 | O8: 23399 | P8: =1-Q8/I8 -> 0.10000385 | Q8: 23399 | S8: =O8/M8-1 -> 0.15385374 | T8: =iferror(vlookup(A8,COGS!B:C,2,0),0%) -> 0 | U8: =IFERROR(XLOOKUP(A8,COGS!I:I,COGS!J:J), IFERROR(XLOOKUP(C8,COGS!I:I,COGS!J:J),"")) | V8: =M8/1.18 -> 17185.593 | W8: =V8-U8 -> 17185.593 | X8: =W8/V8 -> 1 | Y8: =iferror(xlookup(A8,COGS!$I:$I,COGS!$K:$K),U8*(1+iferror(vlookup(G8,COGS!$R:$U,4,0),15%))) -> 0 | Z8: =O8/118% -> 19829.661 | AA8: =Z8-Y8 -> 19829.661 | AB8: =AA8/Z8 -> 1 | AC8: =RIGHT(A8,1) -> 8 | AD8: =Y8/U8-1 -> #DIV/0! | AG8: {=IFERROR(xlookup(G8,'Old Master'!T:T,'Old Master'!V:V),N8)} -> 0.10000385 | AH8: =I8*(1-AG8) -> 23399 | AI8: =AH8/118%-Y8 -> 19829.661 | AJ8: =AI8/(AH8/118%) -> 1 | AL8: {=iferror(if(isblank(xlookup($G8,'Old Master'!$T:$T,'Old Master'!$W:$W)),AG8,xlookup($G8,'Old Master'!$T:$T,'Old Master'!$W:$W)),AG8)} -> 0.10000385 | AM8: =(I8-AN8)/I8 -> 0.10000385 | AN8: =mround($I8*(1-AL8),100)-1 -> 23399
A9: SC-ORIG-K-78x72x8 | B9: =VALUE(MID(A9, FIND("x",A9,10)+1, FIND("x",A9,FIND("x",A9,10)+1)-FIND("x",A9,10)-1)) -> 72 | C9: =SUBSTITUTE(A9, "x"&TEXT(B9,"0")&"x", "x"&TEXT(B9+2,"0")&"x") -> SC-ORIG-K-78x74x8 | D9: SC-LS-ORIG-K-78x72x8 | E9: SC 78x72x8 | F9: SCP78728 | G9: Original Mattress | H9: Mattress | I9: 21199 | J9: 0.28 | K9: =ROUND(I9-I9*J9,0) -> 15263 | L9: 0.24 | M9: =ROUND(I9-I9*L9,0) -> 16111 | N9: =1-O9/I9 -> 0.19000896 | O9: 17171 | P9: =1-Q9/I9 -> 0.19000896 | Q9: 17171 | S9: =O9/M9-1 -> 0.065793557 | T9: =iferror(vlookup(A9,COGS!B:C,2,0),0%) -> 0 | U9: =IFERROR(XLOOKUP(A9,COGS!I:I,COGS!J:J), IFERROR(XLOOKUP(C9,COGS!I:I,COGS!J:J),"")) | V9: =M9/1.18 -> 13653.39 | W9: =V9-U9 -> 13653.39 | X9: =W9/V9 -> 1 | Y9: =iferror(xlookup(A9,COGS!$I:$I,COGS!$K:$K),U9*(1+iferror(vlookup(G9,COGS!$R:$U,4,0),15%))) -> 0 | Z9: =O9/118% -> 14551.695 | AA9: =Z9-Y9 -> 14551.695 | AB9: =AA9/Z9 -> 1 | AC9: =RIGHT(A9,1) -> 8 | AD9: =Y9/U9-1 -> #DIV/0! | AG9: {=IFERROR(xlookup(G9,'Old Master'!T:T,'Old Master'!V:V),N9)} -> 0.19000896 | AH9: =I9*(1-AG9) -> 17171 | AI9: =AH9/118%-Y9 -> 14551.695 | AJ9: =AI9/(AH9/118%) -> 1 | AL9: {=iferror(if(isblank(xlookup($G9,'Old Master'!$T:$T,'Old Master'!$W:$W)),AG9,xlookup($G9,'Old Master'!$T:$T,'Old Master'!$W:$W)),AG9)} -> 0.19000896 | AM9: =(I9-AN9)/I9 -> 0.18868815 | AN9: =mround($I9*(1-AL9),100)-1 -> 17199
A10: SC-4TFOLD-BL-72x36 | B10: =VALUE(MID(A10, FIND("x",A10,10)+1, FIND("x",A10,FIND("x",A10,10)+1)-FIND("x",A10,10)-1)) -> #VALUE! | C10: =SUBSTITUTE(A10, "x"&TEXT(B10,"0")&"x", "x"&TEXT(B10+2,"0")&"x") -> #VALUE! | D10: SC-FLEX-4TFOLD-BL-72X36 | E10: 0 | F10: SC-F-4TFOLD-BL-72X36 | G10: Tri-fold Mattress | H10: Mattress | I10: 5999 | J10: 0.25 | K10: =ROUND(I10-I10*J10,0) -> 4499 | L10: 0.2 | M10: =ROUND(I10-I10*L10,0) -> 4799 | N10: 0.15 | O10: =I10*(1-N10) -> 5099.15 | P10: 0.15 | Q10: =I10*(1-P10) -> 5099.15 | S10: =O10/M10-1 -> 0.06254428 | T10: =iferror(vlookup(A10,COGS!B:C,2,0),0%) -> 0 | U10: =IFERROR(XLOOKUP(A10,COGS!I:I,COGS!J:J), IFERROR(XLOOKUP(C10,COGS!I:I,COGS!J:J),"")) | V10: =M10/1.18 -> 4066.9492 | W10: =V10-U10 -> 4066.9492 | X10: =W10/V10 -> 1 | Y10: =iferror(xlookup(A10,COGS!$I:$I,COGS!$K:$K),U10*(1+iferror(vlookup(G10,COGS!$R:$U,4,0),15%))) -> 0 | Z10: =O10/118% -> 4321.3136 | AA10: =Z10-Y10 -> 4321.3136 | AB10: =AA10/Z10 -> 1 | AC10: =RIGHT(A10,1) -> 6 | AD10: =Y10/U10-1 -> #DIV/0! | AG10: {=IFERROR(xlookup(G10,'Old Master'!T:T,'Old Master'!V:V),N10)} -> 0.15 | AH10: =I10*(1-AG10) -> 5099.15 | AI10: =AH10/118%-Y10 -> 4321.3136 | AJ10: =AI10/(AH10/118%) -> 1 | AL10: {=iferror(if(isblank(xlookup($G10,'Old Master'!$T:$T,'Old Master'!$W:$W)),AG10,xlookup($G10,'Old Master'!$T:$T,'Old Master'!$W:$W)),AG10)} -> 0.15 | AM10: =(I10-AN10)/I10 -> 0.150025 | AN10: =mround($I10*(1-AL10),100)-1 -> 5099
A11: SC-ORIG-K-78x72x6 | B11: =VALUE(MID(A11, FIND("x",A11,10)+1, FIND("x",A11,FIND("x",A11,10)+1)-FIND("x",A11,10)-1)) -> 72 | C11: =SUBSTITUTE(A11, "x"&TEXT(B11,"0")&"x", "x"&TEXT(B11+2,"0")&"x") -> SC-ORIG-K-78x74x6 | D11: SC-FLEX1-ORIG-K-78x72x6 | E11: 0 | F11: SC78726 | G11: Original Mattress | H11: Mattress | I11: 18399 | J11: 0.28 | K11: =ROUND(I11-I11*J11,0) -> 13247 | L11: 0.24 | M11: =ROUND(I11-I11*L11,0) -> 13983 | N11: =1-O11/I11 -> 0.19001033 | O11: 14903 | P11: =1-Q11/I11 -> 0.19001033 | Q11: 14903 | S11: =O11/M11-1 -> 0.065794179 | T11: =iferror(vlookup(A11,COGS!B:C,2,0),0%) -> 0 | U11: =IFERROR(XLOOKUP(A11,COGS!I:I,COGS!J:J), IFERROR(XLOOKUP(C11,COGS!I:I,COGS!J:J),"")) | V11: =M11/1.18 -> 11850 | W11: =V11-U11 -> 11850 | X11: =W11/V11 -> 1 | Y11: =iferror(xlookup(A11,COGS!$I:$I,COGS!$K:$K),U11*(1+iferror(vlookup(G11,COGS!$R:$U,4,0),15%))) -> 0 | Z11: =O11/118% -> 12629.661 | AA11: =Z11-Y11 -> 12629.661 | AB11: =AA11/Z11 -> 1 | AC11: =RIGHT(A11,1) -> 6 | AD11: =Y11/U11-1 -> #DIV/0! | AG11: {=IFERROR(xlookup(G11,'Old Master'!T:T,'Old Master'!V:V),N11)} -> 0.19001033 | AH11: =I11*(1-AG11) -> 14903 | AI11: =AH11/118%-Y11 -> 12629.661 | AJ11: =AI11/(AH11/118%) -> 1 | AL11: {=iferror(if(isblank(xlookup($G11,'Old Master'!$T:$T,'Old Master'!$W:$W)),AG11,xlookup($G11,'Old Master'!$T:$T,'Old Master'!$W:$W)),AG11)} -> 0.19001033 | AM11: =(I11-AN11)/I11 -> 0.19022773 | AN11: =mround($I11*(1-AL11),100)-1 -> 14899
A12: SC-ULTM-Q-78x60x8 | B12: =VALUE(MID(A12, FIND("x",A12,10)+1, FIND("x",A12,FIND("x",A12,10)+1)-FIND("x",A12,10)-1)) -> 60 | C12: =SUBSTITUTE(A12, "x"&TEXT(B12,"0")&"x", "x"&TEXT(B12+2,"0")&"x") -> SC-ULTM-Q-78x62x8 | D12: SC-ASF-ULTM-Q-78x60x8 | E12: SC-ULTM-Q-78x60x8 | F12: SC-ULTM-Q-78x60x8 | G12: Ultima Mattress | H12: Mattress | I12: 22999 | J12: 0.25 | K12: =ROUND(I12-I12*J12,0) -> 17249 | L12: 0.22 | M12: =ROUND(I12-I12*L12,0) -> 17939 | N12: =1-O12/I12 -> 0.10000435 | O12: 20699 | P12: =1-Q12/I12 -> 0.10000435 | Q12: 20699 | S12: =O12/M12-1 -> 0.15385473 | T12: =iferror(vlookup(A12,COGS!B:C,2,0),0%) -> 0 | U12: =IFERROR(XLOOKUP(A12,COGS!I:I,COGS!J:J), IFERROR(XLOOKUP(C12,COGS!I:I,COGS!J:J),"")) | V12: =M12/1.18 -> 15202.542 | W12: =V12-U12 -> 15202.542 | X12: =W12/V12 -> 1 | Y12: =iferror(xlookup(A12,COGS!$I:$I,COGS!$K:$K),U12*(1+iferror(vlookup(G12,COGS!$R:$U,4,0),15%))) -> 0 | Z12: =O12/118% -> 17541.525 | AA12: =Z12-Y12 -> 17541.525 | AB12: =AA12/Z12 -> 1 | AC12: =RIGHT(A12,1) -> 8 | AD12: =Y12/U12-1 -> #DIV/0! | AG12: {=IFERROR(xlookup(G12,'Old Master'!T:T,'Old Master'!V:V),N12)} -> 0.10000435 | AH12: =I12*(1-AG12) -> 20699 | AI12: =AH12/118%-Y12 -> 17541.525 | AJ12: =AI12/(AH12/118%) -> 1 | AL12: {=iferror(if(isblank(xlookup($G12,'Old Master'!$T:$T,'Old Master'!$W:$W)),AG12,xlookup($G12,'Old Master'!$T:$T,'Old Master'!$W:$W)),AG12)} -> 0.10000435 | AM12: =(I12-AN12)/I12 -> 0.10000435 | AN12: =mround($I12*(1-AL12),100)-1 -> 20699
A13: SC-HYB-LATEX-K-72x72x6 | B13: =VALUE(MID(A13, FIND("x",A13,10)+1, FIND("x",A13,FIND("x",A13,10)+1)-FIND("x",A13,10)-1)) -> 72 | C13: =SUBSTITUTE(A13, "x"&TEXT(B13,"0")&"x", "x"&TEXT(B13+2,"0")&"x") -> SC-HYB-LATEX-K-72x74x6 | D13: SC-ASF-HYB-LATEX-K-72x72x6 | E13: SC-A-HYB-LATEX-K-72x72x6 | F13: SC-F-HYB-LATEX-K-72x72x6 | G13: Hybrid Latex Mattress | H13: Mattress | I13: 19399 | J13: 0.25 | K13: =ROUND(I13-I13*J13,0) -> 14549 | L13: 0.2 | M13: =ROUND(I13-I13*L13,0) -> 15519 | N13: 0.16 | O13: =I13*(1-N13) -> 16295.16 | P13: 0.13 | Q13: =I13*(1-P13) -> 16877.13 | R13: =Q13/M13-1 -> 0.087514015 | S13: =O13/M13-1 -> 0.050013532 | T13: =iferror(vlookup(A13,COGS!B:C,2,0),0%) -> 0 | U13: =IFERROR(XLOOKUP(A13,COGS!I:I,COGS!J:J), IFERROR(XLOOKUP(C13,COGS!I:I,COGS!J:J),"")) | V13: =M13/1.18 -> 13151.695 | W13: =V13-U13 -> 13151.695 | X13: =W13/V13 -> 1 | Y13: =iferror(xlookup(A13,COGS!$I:$I,COGS!$K:$K),U13*(1+iferror(vlookup(G13,COGS!$R:$U,4,0),15%))) -> 0 | Z13: =O13/118% -> 13809.458 | AA13: =Z13-Y13 -> 13809.458 | AB13: =AA13/Z13 -> 1 | AC13: =RIGHT(A13,1) -> 6 | AD13: =Y13/U13-1 -> #DIV/0! | AE13: =Q13/118%-Y13 -> 14302.653 | AF13: =AE13/(Q13/1.18) -> 1 | AG13: {=IFERROR(xlookup(G13,'Old Master'!T:T,'Old Master'!V:V),N13)} -> 0.16 | AH13: =I13*(1-AG13) -> 16295.16 | AI13: =AH13/118%-Y13 -> 13809.458 | AJ13: =AI13/(AH13/118%) -> 1 | AL13: {=iferror(if(isblank(xlookup($G13,'Old Master'!$T:$T,'Old Master'!$W:$W)),AG13,xlookup($G13,'Old Master'!$T:$T,'Old Master'!$W:$W)),AG13)} -> 0.16 | AM13: =(I13-AN13)/I13 -> 0.15980205 | AN13: =mround($I13*(1-AL13),100)-1 -> 16299
A14: SC-MFPILW-BAM-S-25x16 | B14: =VALUE(MID(A14, FIND("x",A14,10)+1, FIND("x",A14,FIND("x",A14,10)+1)-FIND("x",A14,10)-1)) -> #VALUE! | C14: =SUBSTITUTE(A14, "x"&TEXT(B14,"0")&"x", "x"&TEXT(B14+2,"0")&"x") -> #VALUE! | D14: SC-SF-MFPILW-26x16x4 | E14: SCPWL2616 | F14: SC-PILLOW | G14: Memory Foam Pillow | H14: Pillows | I14: 1989 | J14: 0.49773756 | K14: =ROUND(I14-I14*J14,0) -> 999 | L14: 0.25 | M14: =ROUND(I14-I14*L14,0) -> 1492 | N14: =1-O14/I14 -> 0.44746104 | O14: 1099 | P14: =1-Q14/I14 -> 0.44746104 | Q14: 1099 | S14: =O14/K14-1 -> 0.1001001 | T14: =iferror(vlookup(A14,COGS!B:C,2,0),0%) -> 0 | U14: =IFERROR(XLOOKUP(A14,COGS!I:I,COGS!J:J), IFERROR(XLOOKUP(C14,COGS!I:I,COGS!J:J),"")) | V14: =K14/1.18 -> 846.61017 | W14: =V14-U14 -> 846.61017 | X14: =W14/V14 -> 1 | Y14: =iferror(xlookup(A14,COGS!$I:$I,COGS!$K:$K),U14*(1+iferror(vlookup(G14,COGS!$R:$U,4,0),15%))) -> 0 | Z14: =O14/118% -> 931.35593 | AA14: =Z14-Y14 -> 931.35593 | AB14: =AA14/Z14 -> 1 | AC14: =RIGHT(A14,1) -> 6 | AD14: =Y14/U14-1 -> #DIV/0! | AG14: {=IFERROR(xlookup(G14,'Old Master'!T:T,'Old Master'!V:V),N14)} -> 0.44746104 | AH14: =I14*(1-AG14) -> 1099 | AI14: =AH14/118%-Y14 -> 931.35593 | AJ14: =AI14/(AH14/118%) -> 1 | AL14: =(I14-AN14)/I14 -> 0.49773756 | AM14: =(I14-AN14)/I14 -> 0.49773756 | AN14: 999
A15: SC-ORIG-Q-78x60x8 | B15: =VALUE(MID(A15, FIND("x",A15,10)+1, FIND("x",A15,FIND("x",A15,10)+1)-FIND("x",A15,10)-1)) -> 60 | C15: =SUBSTITUTE(A15, "x"&TEXT(B15,"0")&"x", "x"&TEXT(B15+2,"0")&"x") -> SC-ORIG-Q-78x62x8 | D15: SC-ASF-78x60x8 | E15: SC 78x60x8 | F15: SCP78608 | G15: Original Mattress | H15: Mattress | I15: 18499 | J15: 0.28 | K15: =ROUND(I15-I15*J15,0) -> 13319 | L15: 0.24 | M15: =ROUND(I15-I15*L15,0) -> 14059 | N15: =1-O15/I15 -> 0.19001027 | O15: 14984 | P15: =1-Q15/I15 -> 0.19001027 | Q15: 14984 | S15: =O15/M15-1 -> 0.065794153 | T15: =iferror(vlookup(A15,COGS!B:C,2,0),0%) -> 0 | U15: =IFERROR(XLOOKUP(A15,COGS!I:I,COGS!J:J), IFERROR(XLOOKUP(C15,COGS!I:I,COGS!J:J),"")) | V15: =M15/1.18 -> 11914.407 | W15: =V15-U15 -> 11914.407 | X15: =W15/V15 -> 1 | Y15: =iferror(xlookup(A15,COGS!$I:$I,COGS!$K:$K),U15*(1+iferror(vlookup(G15,COGS!$R:$U,4,0),15%))) -> 0 | Z15: =O15/118% -> 12698.305 | AA15: =Z15-Y15 -> 12698.305 | AB15: =AA15/Z15 -> 1 | AC15: =RIGHT(A15,1) -> 8 | AD15: =Y15/U15-1 -> #DIV/0! | AG15: {=IFERROR(xlookup(G15,'Old Master'!T:T,'Old Master'!V:V),N15)} -> 0.19001027 | AH15: =I15*(1-AG15) -> 14984 | AI15: =AH15/118%-Y15 -> 12698.305 | AJ15: =AI15/(AH15/118%) -> 1 | AL15: {=iferror(if(isblank(xlookup($G15,'Old Master'!$T:$T,'Old Master'!$W:$W)),AG15,xlookup($G15,'Old Master'!$T:$T,'Old Master'!$W:$W)),AG15)} -> 0.19001027 | AM15: =(I15-AN15)/I15 -> 0.18919942 | AN15: =mround($I15*(1-AL15),100)-1 -> 14999
A16: SC-MFPILWSET2-BAM-S-25x16 | B16: =VALUE(MID(A16, FIND("x",A16,10)+1, FIND("x",A16,FIND("x",A16,10)+1)-FIND("x",A16,10)-1)) -> #VALUE! | C16: =SUBSTITUTE(A16, "x"&TEXT(B16,"0")&"x", "x"&TEXT(B16+2,"0")&"x") -> #VALUE! | D16: SC-ASF-MFPILWS2-26x16x4 | E16: SC-A-MFPILWS2-26x16x4 | F16: SC-F-S2MFPILW-26x16x4 | G16: Memory Foam Pillow | H16: Pillows | I16: 3699 | J16: 0.486618 | K16: =ROUND(I16-I16*J16,0) -> 1899 | L16: 0.486618 | M16: =ROUND(I16-I16*L16,0) -> 1899 | N16: =1-O16/I16 -> 0.486618 | O16: 1899 | P16: =1-Q16/I16 -> 0.486618 | Q16: 1899 | S16: =O16/K16-1 -> 0 | T16: =iferror(vlookup(A16,COGS!B:C,2,0),0%) -> 0 | U16: =IFERROR(XLOOKUP(A16,COGS!I:I,COGS!J:J), IFERROR(XLOOKUP(C16,COGS!I:I,COGS!J:J),"")) | V16: =M16/1.18 -> 1609.322 | W16: =V16-U16 -> 1609.322 | X16: =W16/V16 -> 1 | Y16: =iferror(xlookup(A16,COGS!$I:$I,COGS!$K:$K),U16*(1+iferror(vlookup(G16,COGS!$R:$U,4,0),15%))) -> 0 | Z16: =O16/118% -> 1609.322 | AA16: =Z16-Y16 -> 1609.322 | AB16: =AA16/Z16 -> 1 | AC16: =RIGHT(A16,1) -> 6 | AD16: =Y16/U16-1 -> #DIV/0! | AG16: {=IFERROR(xlookup(G16,'Old Master'!T:T,'Old Master'!V:V),N16)} -> 0.486618 | AH16: =I16*(1-AG16) -> 1899 | AI16: =AH16/118%-Y16 -> 1609.322 | AJ16: =AI16/(AH16/118%) -> 1 | AL16: =(I16-AN16)/I16 -> 0.486618 | AM16: =(I16-AN16)/I16 -> 0.486618 | AN16: 1899
A17: SC-HYB-LATEX-Q-75x60x8 | B17: =VALUE(MID(A17, FIND("x",A17,10)+1, FIND("x",A17,FIND("x",A17,10)+1)-FIND("x",A17,10)-1)) -> 60 | C17: =SUBSTITUTE(A17, "x"&TEXT(B17,"0")&"x", "x"&TEXT(B17+2,"0")&"x") -> SC-HYB-LATEX-Q-75x62x8 | D17: SC-ASF-HYB-LATEX-Q-75x60x8 | E17: SC-A-HYB-LATEX-Q-75x60x8 | F17: SC-F-HYB-LATEX-Q-75x60x8 | G17: Hybrid Latex Mattress | H17: Mattress | I17: 19799 | J17: 0.25 | K17: =ROUND(I17-I17*J17,0) -> 14849 | L17: 0.2 | M17: =ROUND(I17-I17*L17,0) -> 15839 | N17: 0.16 | O17: =I17*(1-N17) -> 16631.16 | P17: 0.13 | Q17: =I17*(1-P17) -> 17225.13 | R17: =Q17/M17-1 -> 0.087513732 | S17: =O17/M17-1 -> 0.050013258 | T17: =iferror(vlookup(A17,COGS!B:C,2,0),0%) -> 0 | U17: =IFERROR(XLOOKUP(A17,COGS!I:I,COGS!J:J), IFERROR(XLOOKUP(C17,COGS!I:I,COGS!J:J),"")) | V17: =M17/1.18 -> 13422.881 | W17: =V17-U17 -> 13422.881 | X17: =W17/V17 -> 1 | Y17: =iferror(xlookup(A17,COGS!$I:$I,COGS!$K:$K),U17*(1+iferror(vlookup(G17,COGS!$R:$U,4,0),15%))) -> 0 | Z17: =O17/118% -> 14094.203 | AA17: =Z17-Y17 -> 14094.203 | AB17: =AA17/Z17 -> 1 | AC17: =RIGHT(A17,1) -> 8 | AD17: =Y17/U17-1 -> #DIV/0! | AE17: =Q17/118%-Y17 -> 14597.568 | AF17: =AE17/(Q17/1.18) -> 1 | AG17: {=IFERROR(xlookup(G17,'Old Master'!T:T,'Old Master'!V:V),N17)} -> 0.16 | AH17: =I17*(1-AG17) -> 16631.16 | AI17: =AH17/118%-Y17 -> 14094.203 | AJ17: =AI17/(AH17/118%) -> 1 | AL17: {=iferror(if(isblank(xlookup($G17,'Old Master'!$T:$T,'Old Master'!$W:$W)),AG17,xlookup($G17,'Old Master'!$T:$T,'Old Master'!$W:$W)),AG17)} -> 0.16 | AM17: =(I17-AN17)/I17 -> 0.16162432 | AN17: =mround($I17*(1-AL17),100)-1 -> 16599
A18: SC-HYB-LATEX-K-75x72x8 | B18: =VALUE(MID(A18, FIND("x",A18,10)+1, FIND("x",A18,FIND("x",A18,10)+1)-FIND("x",A18,10)-1)) -> 72 | C18: =SUBSTITUTE(A18, "x"&TEXT(B18,"0")&"x", "x"&TEXT(B18+2,"0")&"x") -> SC-HYB-LATEX-K-75x74x8 | D18: SC-ASF-HYB-LATEX-K-75x72x8 | E18: SC-A-HYB-LATEX-K-75x72x8 | F18: SC-F-HYB-LATEX-K-75x72x8 | G18: Hybrid Latex Mattress | H18: Mattress | I18: 23199 | J18: 0.25 | K18: =ROUND(I18-I18*J18,0) -> 17399 | L18: 0.2 | M18: =ROUND(I18-I18*L18,0) -> 18559 | N18: 0.16 | O18: =I18*(1-N18) -> 19487.16 | P18: 0.13 | Q18: =I18*(1-P18) -> 20183.13 | R18: =Q18/M18-1 -> 0.087511719 | S18: =O18/M18-1 -> 0.050011315 | T18: =iferror(vlookup(A18,COGS!B:C,2,0),0%) -> 0 | U18: =IFERROR(XLOOKUP(A18,COGS!I:I,COGS!J:J), IFERROR(XLOOKUP(C18,COGS!I:I,COGS!J:J),"")) | V18: =M18/1.18 -> 15727.966 | W18: =V18-U18 -> 15727.966 | X18: =W18/V18 -> 1 | Y18: =iferror(xlookup(A18,COGS!$I:$I,COGS!$K:$K),U18*(1+iferror(vlookup(G18,COGS!$R:$U,4,0),15%))) -> 0 | Z18: =O18/118% -> 16514.542 | AA18: =Z18-Y18 -> 16514.542 | AB18: =AA18/Z18 -> 1 | AC18: =RIGHT(A18,1) -> 8 | AD18: =Y18/U18-1 -> #DIV/0! | AE18: =Q18/118%-Y18 -> 17104.347 | AF18: =AE18/(Q18/1.18) -> 1 | AG18: {=IFERROR(xlookup(G18,'Old Master'!T:T,'Old Master'!V:V),N18)} -> 0.16 | AH18: =I18*(1-AG18) -> 19487.16 | AI18: =AH18/118%-Y18 -> 16514.542 | AJ18: =AI18/(AH18/118%) -> 1 | AL18: {=iferror(if(isblank(xlookup($G18,'Old Master'!$T:$T,'Old Master'!$W:$W)),AG18,xlookup($G18,'Old Master'!$T:$T,'Old Master'!$W:$W)),AG18)} -> 0.16 | AM18: =(I18-AN18)/I18 -> 0.15948963 | AN18: =mround($I18*(1-AL18),100)-1 -> 19499
A19: SC-HYB-LATEX-Q-72x60x8 | B19: =VALUE(MID(A19, FIND("x",A19,10)+1, FIND("x",A19,FIND("x",A19,10)+1)-FIND("x",A19,10)-1)) -> 60 | C19: =SUBSTITUTE(A19, "x"&TEXT(B19,"0")&"x", "x"&TEXT(B19+2,"0")&"x") -> SC-HYB-LATEX-Q-72x62x8 | D19: 0 | E19: 0 | F19: SC-F-HYB-LATEX-Q-72x60x8 | G19: Hybrid Latex Mattress | H19: Mattress | I19: 19399 | J19: 0 | K19: =ROUND(I19-I19*J19,0) -> 19399 | L19: 0.2 | M19: =ROUND(I19-I19*L19,0) -> 15519 | N19: 0.16 | O19: =I19*(1-N19) -> 16295.16 | P19: 0.13 | Q19: =I19*(1-P19) -> 16877.13 | R19: =Q19/M19-1 -> 0.087514015 | S19: =O19/M19-1 -> 0.050013532 | T19: =iferror(vlookup(A19,COGS!B:C,2,0),0%) -> 0 | U19: =IFERROR(XLOOKUP(A19,COGS!I:I,COGS!J:J), IFERROR(XLOOKUP(C19,COGS!I:I,COGS!J:J),"")) | V19: =M19/1.18 -> 13151.695 | W19: =V19-U19 -> 13151.695 | X19: =W19/V19 -> 1 | Y19: =iferror(xlookup(A19,COGS!$I:$I,COGS!$K:$K),U19*(1+iferror(vlookup(G19,COGS!$R:$U,4,0),15%))) -> 0 | Z19: =O19/118% -> 13809.458 | AA19: =Z19-Y19 -> 13809.458 | AB19: =AA19/Z19 -> 1 | AC19: =RIGHT(A19,1) -> 8 | AD19: =Y19/U19-1 -> #DIV/0! | AE19: =Q19/118%-Y19 -> 14302.653 | AF19: =AE19/(Q19/1.18) -> 1 | AG19: {=IFERROR(xlookup(G19,'Old Master'!T:T,'Old Master'!V:V),N19)} -> 0.16 | AH19: =I19*(1-AG19) -> 16295.16 | AI19: =AH19/118%-Y19 -> 13809.458 | AJ19: =AI19/(AH19/118%) -> 1 | AL19: {=iferror(if(isblank(xlookup($G19,'Old Master'!$T:$T,'Old Master'!$W:$W)),AG19,xlookup($G19,'Old Master'!$T:$T,'Old Master'!$W:$W)),AG19)} -> 0.16 | AM19: =(I19-AN19)/I19 -> 0.15980205 | AN19: =mround($I19*(1-AL19),100)-1 -> 16299
A20: SC-HYB-LATEX-K-72x72x8 | B20: =VALUE(MID(A20, FIND("x",A20,10)+1, FIND("x",A20,FIND("x",A20,10)+1)-FIND("x",A20,10)-1)) -> 72 | C20: =SUBSTITUTE(A20, "x"&TEXT(B20,"0")&"x", "x"&TEXT(B20+2,"0")&"x") -> SC-HYB-LATEX-K-72x74x8 | D20: 0 | E20: 0 | F20: SC-F-HYB-LATEX-K-72x72x8 | G20: Hybrid Latex Mattress | H20: Mattress | I20: 22699 | J20: 0 | K20: =ROUND(I20-I20*J20,0) -> 22699 | L20: 0.2 | M20: =ROUND(I20-I20*L20,0) -> 18159 | N20: 0.16 | O20: =I20*(1-N20) -> 19067.16 | P20: 0.13 | Q20: =I20*(1-P20) -> 19748.13 | R20: =Q20/M20-1 -> 0.087511978 | S20: =O20/M20-1 -> 0.050011565 | T20: =iferror(vlookup(A20,COGS!B:C,2,0),0%) -> 0 | U20: =IFERROR(XLOOKUP(A20,COGS!I:I,COGS!J:J), IFERROR(XLOOKUP(C20,COGS!I:I,COGS!J:J),"")) | V20: =M20/1.18 -> 15388.983 | W20: =V20-U20 -> 15388.983 | X20: =W20/V20 -> 1 | Y20: =iferror(xlookup(A20,COGS!$I:$I,COGS!$K:$K),U20*(1+iferror(vlookup(G20,COGS!$R:$U,4,0),15%))) -> 0 | Z20: =O20/118% -> 16158.61 | AA20: =Z20-Y20 -> 16158.61 | AB20: =AA20/Z20 -> 1 | AC20: =RIGHT(A20,1) -> 8 | AD20: =Y20/U20-1 -> #DIV/0! | AE20: =Q20/118%-Y20 -> 16735.703 | AF20: =AE20/(Q20/1.18) -> 1 | AG20: {=IFERROR(xlookup(G20,'Old Master'!T:T,'Old Master'!V:V),N20)} -> 0.16 | AH20: =I20*(1-AG20) -> 19067.16 | AI20: =AH20/118%-Y20 -> 16158.61 | AJ20: =AI20/(AH20/118%) -> 1 | AL20: {=iferror(if(isblank(xlookup($G20,'Old Master'!$T:$T,'Old Master'!$W:$W)),AG20,xlookup($G20,'Old Master'!$T:$T,'Old Master'!$W:$W)),AG20)} -> 0.16 | AM20: =(I20-AN20)/I20 -> 0.15859729 | AN20: =mround($I20*(1-AL20),100)-1 -> 19099
A21: SC-ULTM-LATEX-K-78x72x10 | B21: =VALUE(MID(A21, FIND("x",A21,10)+1, FIND("x",A21,FIND("x",A21,10)+1)-FIND("x",A21,10)-1)) -> 72 | C21: =SUBSTITUTE(A21, "x"&TEXT(B21,"0")&"x", "x"&TEXT(B21+2,"0")&"x") -> SC-ULTM-LATEX-K-78x74x10 | D21: SC-ASF-ULTM-LATEX-K-78x72x10 | E21: SC-A-ULTM-LATEX-K-78x72x10 | F21: SC-F-ULTM-LATEX-K-78x72x10 | G21: Ultima Latex Mattress | H21: Mattress | I21: 38999 | J21: 0.23 | K21: =ROUND(I21-I21*J21,0) -> 30029 | L21: 0.18 | M21: =ROUND(I21-I21*L21,0) -> 31979 | N21: =1-O21/I21 -> 0.10000256 | O21: 35099 | P21: =1-Q21/I21 -> 0.10000256 | Q21: 35099 | S21: =O21/M21-1 -> 0.097564026 | T21: =iferror(vlookup(A21,COGS!B:C,2,0),0%) -> 0 | U21: =IFERROR(XLOOKUP(A21,COGS!I:I,COGS!J:J), IFERROR(XLOOKUP(C21,COGS!I:I,COGS!J:J),"")) | V21: =M21/1.18 -> 27100.847 | W21: =V21-U21 -> 27100.847 | X21: =W21/V21 -> 1 | Y21: =iferror(xlookup(A21,COGS!$I:$I,COGS!$K:$K),U21*(1+iferror(vlookup(G21,COGS!$R:$U,4,0),15%))) -> 0 | Z21: =O21/118% -> 29744.915 | AA21: =Z21-Y21 -> 29744.915 | AB21: =AA21/Z21 -> 1 | AC21: =RIGHT(A21,1) -> 0 | AD21: =Y21/U21-1 -> #DIV/0! | AG21: {=IFERROR(xlookup(G21,'Old Master'!T:T,'Old Master'!V:V),N21)} -> 0.10000256 | AH21: =I21*(1-AG21) -> 35099 | AI21: =AH21/118%-Y21 -> 29744.915 | AJ21: =AI21/(AH21/118%) -> 1 | AL21: {=iferror(if(isblank(xlookup($G21,'Old Master'!$T:$T,'Old Master'!$W:$W)),AG21,xlookup($G21,'Old Master'!$T:$T,'Old Master'!$W:$W)),AG21)} -> 0.10000256 | AM21: =(I21-AN21)/I21 -> 0.10000256 | AN21: =mround($I21*(1-AL21),100)-1 -> 35099
A22: SC-ORIG-K-72x72x6 | B22: =VALUE(MID(A22, FIND("x",A22,10)+1, FIND("x",A22,FIND("x",A22,10)+1)-FIND("x",A22,10)-1)) -> 72 | C22: =SUBSTITUTE(A22, "x"&TEXT(B22,"0")&"x", "x"&TEXT(B22+2,"0")&"x") -> SC-ORIG-K-72x74x6 | D22: SC-ASF-72x72x6 | E22: PF-LN7U-W1EA | F22: SC72726 | G22: Original Mattress | H22: Mattress | I22: 17999 | J22: 0.28 | K22: =ROUND(I22-I22*J22,0) -> 12959 | L22: 0.24 | M22: =ROUND(I22-I22*L22,0) -> 13679 | N22: =1-O22/I22 -> 0.19001056 | O22: 14579 | P22: =1-Q22/I22 -> 0.19001056 | Q22: 14579 | S22: =O22/M22-1 -> 0.065794283 | T22: =iferror(vlookup(A22,COGS!B:C,2,0),0%) -> 0 | U22: =IFERROR(XLOOKUP(A22,COGS!I:I,COGS!J:J), IFERROR(XLOOKUP(C22,COGS!I:I,COGS!J:J),"")) | V22: =M22/1.18 -> 11592.373 | W22: =V22-U22 -> 11592.373 | X22: =W22/V22 -> 1 | Y22: =iferror(xlookup(A22,COGS!$I:$I,COGS!$K:$K),U22*(1+iferror(vlookup(G22,COGS!$R:$U,4,0),15%))) -> 0 | Z22: =O22/118% -> 12355.085 | AA22: =Z22-Y22 -> 12355.085 | AB22: =AA22/Z22 -> 1 | AC22: =RIGHT(A22,1) -> 6 | AD22: =Y22/U22-1 -> #DIV/0! | AG22: {=IFERROR(xlookup(G22,'Old Master'!T:T,'Old Master'!V:V),N22)} -> 0.19001056 | AH22: =I22*(1-AG22) -> 14579 | AI22: =AH22/118%-Y22 -> 12355.085 | AJ22: =AI22/(AH22/118%) -> 1 | AL22: {=iferror(if(isblank(xlookup($G22,'Old Master'!$T:$T,'Old Master'!$W:$W)),AG22,xlookup($G22,'Old Master'!$T:$T,'Old Master'!$W:$W)),AG22)} -> 0.19001056 | AM22: =(I22-AN22)/I22 -> 0.18889938 | AN22: =mround($I22*(1-AL22),100)-1 -> 14599
A23: SC-ORIG-Q-72x60x8 | B23: =VALUE(MID(A23, FIND("x",A23,10)+1, FIND("x",A23,FIND("x",A23,10)+1)-FIND("x",A23,10)-1)) -> 60 | C23: =SUBSTITUTE(A23, "x"&TEXT(B23,"0")&"x", "x"&TEXT(B23+2,"0")&"x") -> SC-ORIG-Q-72x62x8 | D23: SC-FLEX-ORIG-Q-72x60x8 | E23: SC 72x60x8 | F23: SCP72608 | G23: Original Mattress | H23: Mattress | I23: 17499 | J23: 0.28 | K23: =ROUND(I23-I23*J23,0) -> 12599 | L23: 0.24 | M23: =ROUND(I23-I23*L23,0) -> 13299 | N23: =1-O23/I23 -> 0.19001086 | O23: 14174 | P23: =1-Q23/I23 -> 0.19001086 | Q23: 14174 | S23: =O23/M23-1 -> 0.065794421 | T23: =iferror(vlookup(A23,COGS!B:C,2,0),0%) -> 0 | U23: =IFERROR(XLOOKUP(A23,COGS!I:I,COGS!J:J), IFERROR(XLOOKUP(C23,COGS!I:I,COGS!J:J),"")) | V23: =M23/1.18 -> 11270.339 | W23: =V23-U23 -> 11270.339 | X23: =W23/V23 -> 1 | Y23: =iferror(xlookup(A23,COGS!$I:$I,COGS!$K:$K),U23*(1+iferror(vlookup(G23,COGS!$R:$U,4,0),15%))) -> 0 | Z23: =O23/118% -> 12011.864 | AA23: =Z23-Y23 -> 12011.864 | AB23: =AA23/Z23 -> 1 | AC23: =RIGHT(A23,1) -> 8 | AD23: =Y23/U23-1 -> #DIV/0! | AG23: {=IFERROR(xlookup(G23,'Old Master'!T:T,'Old Master'!V:V),N23)} -> 0.19001086 | AH23: =I23*(1-AG23) -> 14174 | AI23: =AH23/118%-Y23 -> 12011.864 | AJ23: =AI23/(AH23/118%) -> 1 | AL23: {=iferror(if(isblank(xlookup($G23,'Old Master'!$T:$T,'Old Master'!$W:$W)),AG23,xlookup($G23,'Old Master'!$T:$T,'Old Master'!$W:$W)),AG23)} -> 0.19001086 | AM23: =(I23-AN23)/I23 -> 0.1885822 | AN23: =mround($I23*(1-AL23),100)-1 -> 14199
A24: SC-HYB-LATEX-Q-72x60x6 | B24: =VALUE(MID(A24, FIND("x",A24,10)+1, FIND("x",A24,FIND("x",A24,10)+1)-FIND("x",A24,10)-1)) -> 60 | C24: =SUBSTITUTE(A24, "x"&TEXT(B24,"0")&"x", "x"&TEXT(B24+2,"0")&"x") -> SC-HYB-LATEX-Q-72x62x6 | D24: SC-ASF-HYB-LATEX-Q-72x60x6 | E24: SC-A-HYB-LATEX-Q-72x60x6 | F24: SC-F-HYB-LATEX-Q-72x60x6 | G24: Hybrid Latex Mattress | H24: Mattress | I24: 16999 | J24: 0.25 | K24: =ROUND(I24-I24*J24,0) -> 12749 | L24: 0.2 | M24: =ROUND(I24-I24*L24,0) -> 13599 | N24: 0.16 | O24: =I24*(1-N24) -> 14279.16 | P24: 0.13 | Q24: =I24*(1-P24) -> 14789.13 | R24: =Q24/M24-1 -> 0.087515994 | S24: =O24/M24-1 -> 0.050015442 | T24: =iferror(vlookup(A24,COGS!B:C,2,0),0%) -> 0 | U24: =IFERROR(XLOOKUP(A24,COGS!I:I,COGS!J:J), IFERROR(XLOOKUP(C24,COGS!I:I,COGS!J:J),"")) | V24: =M24/1.18 -> 11524.576 | W24: =V24-U24 -> 11524.576 | X24: =W24/V24 -> 1 | Y24: =iferror(xlookup(A24,COGS!$I:$I,COGS!$K:$K),U24*(1+iferror(vlookup(G24,COGS!$R:$U,4,0),15%))) -> 0 | Z24: =O24/118% -> 12100.983 | AA24: =Z24-Y24 -> 12100.983 | AB24: =AA24/Z24 -> 1 | AC24: =RIGHT(A24,1) -> 6 | AD24: =Y24/U24-1 -> #DIV/0! | AE24: =Q24/118%-Y24 -> 12533.161 | AF24: =AE24/(Q24/1.18) -> 1 | AG24: {=IFERROR(xlookup(G24,'Old Master'!T:T,'Old Master'!V:V),N24)} -> 0.16 | AH24: =I24*(1-AG24) -> 14279.16 | AI24: =AH24/118%-Y24 -> 12100.983 | AJ24: =AI24/(AH24/118%) -> 1 | AL24: {=iferror(if(isblank(xlookup($G24,'Old Master'!$T:$T,'Old Master'!$W:$W)),AG24,xlookup($G24,'Old Master'!$T:$T,'Old Master'!$W:$W)),AG24)} -> 0.16 | AM24: =(I24-AN24)/I24 -> 0.15883287 | AN24: =mround($I24*(1-AL24),100)-1 -> 14299
A25: SC-ORIG-Q-78x60x6 | B25: =VALUE(MID(A25, FIND("x",A25,10)+1, FIND("x",A25,FIND("x",A25,10)+1)-FIND("x",A25,10)-1)) -> 60 | C25: =SUBSTITUTE(A25, "x"&TEXT(B25,"0")&"x", "x"&TEXT(B25+2,"0")&"x") -> SC-ORIG-Q-78x62x6 | D25: SC-ASF-78x60x6 | E25: SC198/152 | F25: SC78606 | G25: Original Mattress | H25: Mattress | I25: 16199 | J25: 0.28 | K25: =ROUND(I25-I25*J25,0) -> 11663 | L25: 0.24 | M25: =ROUND(I25-I25*L25,0) -> 12311 | N25: =1-O25/I25 -> 0.19001173 | O25: 13121 | P25: =1-Q25/I25 -> 0.19001173 | Q25: 13121 | S25: =O25/M25-1 -> 0.065794818 | T25: =iferror(vlookup(A25,COGS!B:C,2,0),0%) -> 0 | U25: =IFERROR(XLOOKUP(A25,COGS!I:I,COGS!J:J), IFERROR(XLOOKUP(C25,COGS!I:I,COGS!J:J),"")) | V25: =M25/1.18 -> 10433.051 | W25: =V25-U25 -> 10433.051 | X25: =W25/V25 -> 1 | Y25: =iferror(xlookup(A25,COGS!$I:$I,COGS!$K:$K),U25*(1+iferror(vlookup(G25,COGS!$R:$U,4,0),15%))) -> 0 | Z25: =O25/118% -> 11119.492 | AA25: =Z25-Y25 -> 11119.492 | AB25: =AA25/Z25 -> 1 | AC25: =RIGHT(A25,1) -> 6 | AD25: =Y25/U25-1 -> #DIV/0! | AG25: {=IFERROR(xlookup(G25,'Old Master'!T:T,'Old Master'!V:V),N25)} -> 0.19001173 | AH25: =I25*(1-AG25) -> 13121 | AI25: =AH25/118%-Y25 -> 11119.492 | AJ25: =AI25/(AH25/118%) -> 1 | AL25: {=iferror(if(isblank(xlookup($G25,'Old Master'!$T:$T,'Old Master'!$W:$W)),AG25,xlookup($G25,'Old Master'!$T:$T,'Old Master'!$W:$W)),AG25)} -> 0.19001173 | AM25: =(I25-AN25)/I25 -> 0.19136984 | AN25: =mround($I25*(1-AL25),100)-1 -> 13099
A26: SC-LTx-ORTHO-K-78x72x8 | B26: =VALUE(MID(A26, FIND("x",A26,10)+1, FIND("x",A26,FIND("x",A26,10)+1)-FIND("x",A26,10)-1)) -> 72 | C26: =SUBSTITUTE(A26, "x"&TEXT(B26,"0")&"x", "x"&TEXT(B26+2,"0")&"x") -> SC-LTx-ORTHO-K-78x74x8 | D26: SC-ASF-LTX-ORTHO-K-78X72X8 | E26: 0 | F26: SC-F-LTX-ORTHO-K-78X72X8 | G26: Latex Ortho Mattress | H26: Mattress | I26: 27599 | J26: 0.23 | K26: =ROUND(I26-I26*J26,0) -> 21251 | L26: 0.2 | M26: =ROUND(I26-I26*L26,0) -> 22079 | N26: =1-O26/I26 -> 0.32500815 | O26: 18629.1 | P26: 0.1 | Q26: =I26*(1-P26) -> 24839.1 | S26: =O26/M26-1 -> -0.15625255 | T26: =iferror(vlookup(A26,COGS!B:C,2,0),0%) -> 0 | U26: =IFERROR(XLOOKUP(A26,COGS!I:I,COGS!J:J), IFERROR(XLOOKUP(C26,COGS!I:I,COGS!J:J),"")) | V26: =M26/1.18 -> 18711.017 | W26: =V26-U26 -> 18711.017 | X26: =W26/V26 -> 1 | Y26: =iferror(xlookup(A26,COGS!$I:$I,COGS!$K:$K),U26*(1+iferror(vlookup(G26,COGS!$R:$U,4,0),15%))) -> 0 | Z26: =O26/118% -> 15787.373 | AA26: =Z26-Y26 -> 15787.373 | AB26: =AA26/Z26 -> 1 | AC26: =RIGHT(A26,1) -> 8 | AD26: =Y26/U26-1 -> #DIV/0! | AG26: {=IFERROR(xlookup(G26,'Old Master'!T:T,'Old Master'!V:V),N26)} -> 0.32500815 | AH26: =I26*(1-AG26) -> 18629.1 | AI26: =AH26/118%-Y26 -> 15787.373 | AJ26: =AI26/(AH26/118%) -> 1 | AL26: {=iferror(if(isblank(xlookup($G26,'Old Master'!$T:$T,'Old Master'!$W:$W)),AG26,xlookup($G26,'Old Master'!$T:$T,'Old Master'!$W:$W)),AG26)} -> 0.32500815 | AM26: =(I26-AN26)/I26 -> 0.32609877 | AN26: =mround($I26*(1-AL26),100)-1 -> 18599
A27: SC-ULTM-LATEX-Q-75x60x8 | B27: =VALUE(MID(A27, FIND("x",A27,10)+1, FIND("x",A27,FIND("x",A27,10)+1)-FIND("x",A27,10)-1)) -> 60 | C27: =SUBSTITUTE(A27, "x"&TEXT(B27,"0")&"x", "x"&TEXT(B27+2,"0")&"x") -> SC-ULTM-LATEX-Q-75x62x8 | D27: SC-ASF-ULTM-LATEX-Q-75x60x8 | E27: SC-A-ULTM-LATEX-Q-75x60x8 | F27: SC-F-ULTM-LATEX-Q-75x60x8 | G27: Ultima Latex Mattress | H27: Mattress | I27: 31999 | J27: 0.23 | K27: =ROUND(I27-I27*J27,0) -> 24639 | L27: 0.18 | M27: =ROUND(I27-I27*L27,0) -> 26239 | N27: =1-O27/I27 -> 0.10000313 | O27: 28799 | P27: =1-Q27/I27 -> 0.10000313 | Q27: 28799 | S27: =O27/M27-1 -> 0.097564694 | T27: =iferror(vlookup(A27,COGS!B:C,2,0),0%) -> 0 | U27: =IFERROR(XLOOKUP(A27,COGS!I:I,COGS!J:J), IFERROR(XLOOKUP(C27,COGS!I:I,COGS!J:J),"")) | V27: =M27/1.18 -> 22236.441 | W27: =V27-U27 -> 22236.441 | X27: =W27/V27 -> 1 | Y27: =iferror(xlookup(A27,COGS!$I:$I,COGS!$K:$K),U27*(1+iferror(vlookup(G27,COGS!$R:$U,4,0),15%))) -> 0 | Z27: =O27/118% -> 24405.932 | AA27: =Z27-Y27 -> 24405.932 | AB27: =AA27/Z27 -> 1 | AC27: =RIGHT(A27,1) -> 8 | AD27: =Y27/U27-1 -> #DIV/0! | AG27: {=IFERROR(xlookup(G27,'Old Master'!T:T,'Old Master'!V:V),N27)} -> 0.10000313 | AH27: =I27*(1-AG27) -> 28799 | AI27: =AH27/118%-Y27 -> 24405.932 | AJ27: =AI27/(AH27/118%) -> 1 | AL27: {=iferror(if(isblank(xlookup($G27,'Old Master'!$T:$T,'Old Master'!$W:$W)),AG27,xlookup($G27,'Old Master'!$T:$T,'Old Master'!$W:$W)),AG27)} -> 0.10000313 | AM27: =(I27-AN27)/I27 -> 0.10000313 | AN27: =mround($I27*(1-AL27),100)-1 -> 28799
A28: SC-CLD-SPR-K-78x72x8 | B28: =VALUE(MID(A28, FIND("x",A28,10)+1, FIND("x",A28,FIND("x",A28,10)+1)-FIND("x",A28,10)-1)) -> 72 | C28: =SUBSTITUTE(A28, "x"&TEXT(B28,"0")&"x", "x"&TEXT(B28+2,"0")&"x") -> SC-CLD-SPR-K-78x74x8 | D28: SC-ASF-CLD-SPR-K-78x72x8 | E28: SC-A-CLD-SPR-K-78x72x8 | F28: SC-F-CLD-SPR-K-78x72x8 | G28: Cloud Spring Mattress | H28: Mattress | I28: 29999 | J28: 0.25 | K28: =ROUND(I28-I28*J28,0) -> 22499 | L28: 0.2 | M28: =ROUND(I28-I28*L28,0) -> 23999 | N28: =1-O28/I28 -> 0.10000333 | O28: 26999 | P28: =1-Q28/I28 -> 0.10000333 | Q28: 26999 | S28: =O28/M28-1 -> 0.12500521 | T28: =iferror(vlookup(A28,COGS!B:C,2,0),0%) -> 0 | U28: =IFERROR(XLOOKUP(A28,COGS!I:I,COGS!J:J), IFERROR(XLOOKUP(C28,COGS!I:I,COGS!J:J),"")) | V28: =M28/1.18 -> 20338.136 | W28: =V28-U28 -> 20338.136 | X28: =W28/V28 -> 1 | Y28: =iferror(xlookup(A28,COGS!$I:$I,COGS!$K:$K),U28*(1+iferror(vlookup(G28,COGS!$R:$U,4,0),15%))) -> 0 | Z28: =O28/118% -> 22880.508 | AA28: =Z28-Y28 -> 22880.508 | AB28: =AA28/Z28 -> 1 | AC28: =RIGHT(A28,1) -> 8 | AD28: =Y28/U28-1 -> #DIV/0! | AG28: {=IFERROR(xlookup(G28,'Old Master'!T:T,'Old Master'!V:V),N28)} -> 0.10000333 | AH28: =I28*(1-AG28) -> 26999 | AI28: =AH28/118%-Y28 -> 22880.508 | AJ28: =AI28/(AH28/118%) -> 1 | AL28: {=iferror(if(isblank(xlookup($G28,'Old Master'!$T:$T,'Old Master'!$W:$W)),AG28,xlookup($G28,'Old Master'!$T:$T,'Old Master'!$W:$W)),AG28)} -> 0.10000333 | AM28: =(I28-AN28)/I28 -> 0.10000333 | AN28: =mround($I28*(1-AL28),100)-1 -> 26999
A29: SC-HYB-LATEX-Q-78x60x6 | B29: =VALUE(MID(A29, FIND("x",A29,10)+1, FIND("x",A29,FIND("x",A29,10)+1)-FIND("x",A29,10)-1)) -> 60 | C29: =SUBSTITUTE(A29, "x"&TEXT(B29,"0")&"x", "x"&TEXT(B29+2,"0")&"x") -> SC-HYB-LATEX-Q-78x62x6 | D29: SC-ASF-HYB-LATEX-Q-78x60x6 | E29: 0 | F29: SC-F-HYB-LATEX-Q-78x60x6 | G29: Hybrid Latex Mattress | H29: Mattress | I29: 17799 | J29: 0.25 | K29: =ROUND(I29-I29*J29,0) -> 13349 | L29: 0.2 | M29: =ROUND(I29-I29*L29,0) -> 14239 | N29: 0.16 | O29: =I29*(1-N29) -> 14951.16 | P29: 0.13 | Q29: =I29*(1-P29) -> 15485.13 | R29: =Q29/M29-1 -> 0.087515275 | S29: =O29/M29-1 -> 0.050014748 | T29: =iferror(vlookup(A29,COGS!B:C,2,0),0%) -> 0 | U29: =IFERROR(XLOOKUP(A29,COGS!I:I,COGS!J:J), IFERROR(XLOOKUP(C29,COGS!I:I,COGS!J:J),"")) | V29: =M29/1.18 -> 12066.949 | W29: =V29-U29 -> 12066.949 | X29: =W29/V29 -> 1 | Y29: =iferror(xlookup(A29,COGS!$I:$I,COGS!$K:$K),U29*(1+iferror(vlookup(G29,COGS!$R:$U,4,0),15%))) -> 0 | Z29: =O29/118% -> 12670.475 | AA29: =Z29-Y29 -> 12670.475 | AB29: =AA29/Z29 -> 1 | AC29: =RIGHT(A29,1) -> 6 | AD29: =Y29/U29-1 -> #DIV/0! | AE29: =Q29/118%-Y29 -> 13122.992 | AF29: =AE29/(Q29/1.18) -> 1 | AG29: {=IFERROR(xlookup(G29,'Old Master'!T:T,'Old Master'!V:V),N29)} -> 0.16 | AH29: =I29*(1-AG29) -> 14951.16 | AI29: =AH29/118%-Y29 -> 12670.475 | AJ29: =AI29/(AH29/118%) -> 1 | AL29: {=iferror(if(isblank(xlookup($G29,'Old Master'!$T:$T,'Old Master'!$W:$W)),AG29,xlookup($G29,'Old Master'!$T:$T,'Old Master'!$W:$W)),AG29)} -> 0.16 | AM29: =(I29-AN29)/I29 -> 0.15731221 | AN29: =mround($I29*(1-AL29),100)-1 -> 14999
A30: SC-ULTM-LATEX-K-75x72x8 | B30: =VALUE(MID(A30, FIND("x",A30,10)+1, FIND("x",A30,FIND("x",A30,10)+1)-FIND("x",A30,10)-1)) -> 72 | C30: =SUBSTITUTE(A30, "x"&TEXT(B30,"0")&"x", "x"&TEXT(B30+2,"0")&"x") -> SC-ULTM-LATEX-K-75x74x8 | D30: SC-ASF-ULTM-LATEX-K-75x72x8 | E30: SC-A-ULTM-LATEX-K-75x72x8 | F30: SC-F-ULTM-LATEX-K-75x72x8 | G30: Ultima Latex Mattress | H30: Mattress | I30: 34999 | J30: 0.23 | K30: =ROUND(I30-I30*J30,0) -> 26949 | L30: 0.18 | M30: =ROUND(I30-I30*L30,0) -> 28699 | N30: =1-O30/I30 -> 0.10000286 | O30: 31499 | P30: =1-Q30/I30 -> 0.10000286 | Q30: 31499 | S30: =O30/M30-1 -> 0.097564375 | T30: =iferror(vlookup(A30,COGS!B:C,2,0),0%) -> 0 | U30: =IFERROR(XLOOKUP(A30,COGS!I:I,COGS!J:J), IFERROR(XLOOKUP(C30,COGS!I:I,COGS!J:J),"")) | V30: =M30/1.18 -> 24321.186 | W30: =V30-U30 -> 24321.186 | X30: =W30/V30 -> 1 | Y30: =iferror(xlookup(A30,COGS!$I:$I,COGS!$K:$K),U30*(1+iferror(vlookup(G30,COGS!$R:$U,4,0),15%))) -> 0 | Z30: =O30/118% -> 26694.068 | AA30: =Z30-Y30 -> 26694.068 | AB30: =AA30/Z30 -> 1 | AC30: =RIGHT(A30,1) -> 8 | AD30: =Y30/U30-1 -> #DIV/0! | AG30: {=IFERROR(xlookup(G30,'Old Master'!T:T,'Old Master'!V:V),N30)} -> 0.10000286 | AH30: =I30*(1-AG30) -> 31499 | AI30: =AH30/118%-Y30 -> 26694.068 | AJ30: =AI30/(AH30/118%) -> 1 | AL30: {=iferror(if(isblank(xlookup($G30,'Old Master'!$T:$T,'Old Master'!$W:$W)),AG30,xlookup($G30,'Old Master'!$T:$T,'Old Master'!$W:$W)),AG30)} -> 0.10000286 | AM30: =(I30-AN30)/I30 -> 0.10000286 | AN30: =mround($I30*(1-AL30),100)-1 -> 31499
A31: SC-ORIG-Q-75x60x8 | B31: =VALUE(MID(A31, FIND("x",A31,10)+1, FIND("x",A31,FIND("x",A31,10)+1)-FIND("x",A31,10)-1)) -> 60 | C31: =SUBSTITUTE(A31, "x"&TEXT(B31,"0")&"x", "x"&TEXT(B31+2,"0")&"x") -> SC-ORIG-Q-75x62x8 | D31: SC-ASF-75x60x8 | E31: SC 75x60x8 | F31: SCP75608 | G31: Original Mattress | H31: Mattress | I31: 17999 | J31: 0.28 | K31: =ROUND(I31-I31*J31,0) -> 12959 | L31: 0.24 | M31: =ROUND(I31-I31*L31,0) -> 13679 | N31: =1-O31/I31 -> 0.19001056 | O31: 14579 | P31: =1-Q31/I31 -> 0.19001056 | Q31: 14579 | S31: =O31/M31-1 -> 0.065794283 | T31: =iferror(vlookup(A31,COGS!B:C,2,0),0%) -> 0 | U31: =IFERROR(XLOOKUP(A31,COGS!I:I,COGS!J:J), IFERROR(XLOOKUP(C31,COGS!I:I,COGS!J:J),"")) | V31: =M31/1.18 -> 11592.373 | W31: =V31-U31 -> 11592.373 | X31: =W31/V31 -> 1 | Y31: =iferror(xlookup(A31,COGS!$I:$I,COGS!$K:$K),U31*(1+iferror(vlookup(G31,COGS!$R:$U,4,0),15%))) -> 0 | Z31: =O31/118% -> 12355.085 | AA31: =Z31-Y31 -> 12355.085 | AB31: =AA31/Z31 -> 1 | AC31: =RIGHT(A31,1) -> 8 | AD31: =Y31/U31-1 -> #DIV/0! | AG31: {=IFERROR(xlookup(G31,'Old Master'!T:T,'Old Master'!V:V),N31)} -> 0.19001056 | AH31: =I31*(1-AG31) -> 14579 | AI31: =AH31/118%-Y31 -> 12355.085 | AJ31: =AI31/(AH31/118%) -> 1 | AL31: {=iferror(if(isblank(xlookup($G31,'Old Master'!$T:$T,'Old Master'!$W:$W)),AG31,xlookup($G31,'Old Master'!$T:$T,'Old Master'!$W:$W)),AG31)} -> 0.19001056 | AM31: =(I31-AN31)/I31 -> 0.18889938 | AN31: =mround($I31*(1-AL31),100)-1 -> 14599
A32: SC-HYB-LATEX-Q-75x60x6 | B32: =VALUE(MID(A32, FIND("x",A32,10)+1, FIND("x",A32,FIND("x",A32,10)+1)-FIND("x",A32,10)-1)) -> 60 | C32: =SUBSTITUTE(A32, "x"&TEXT(B32,"0")&"x", "x"&TEXT(B32+2,"0")&"x") -> SC-HYB-LATEX-Q-75x62x6 | D32: SC-FLEX-HYB-LATEX-Q-75x60x6 | E32: SC-A-HYB-LATEX-Q-75x60x6 | F32: SC-F-HYB-LATEX-Q-75x60x6 | G32: Hybrid Latex Mattress | H32: Mattress | I32: 17299 | J32: 0.25 | K32: =ROUND(I32-I32*J32,0) -> 12974 | L32: 0.2 | M32: =ROUND(I32-I32*L32,0) -> 13839 | N32: 0.16 | O32: =I32*(1-N32) -> 14531.16 | P32: 0.13 | Q32: =I32*(1-P32) -> 15050.13 | R32: =Q32/M32-1 -> 0.087515716 | S32: =O32/M32-1 -> 0.050015175 | T32: =iferror(vlookup(A32,COGS!B:C,2,0),0%) -> 0 | U32: =IFERROR(XLOOKUP(A32,COGS!I:I,COGS!J:J), IFERROR(XLOOKUP(C32,COGS!I:I,COGS!J:J),"")) | V32: =M32/1.18 -> 11727.966 | W32: =V32-U32 -> 11727.966 | X32: =W32/V32 -> 1 | Y32: =iferror(xlookup(A32,COGS!$I:$I,COGS!$K:$K),U32*(1+iferror(vlookup(G32,COGS!$R:$U,4,0),15%))) -> 0 | Z32: =O32/118% -> 12314.542 | AA32: =Z32-Y32 -> 12314.542 | AB32: =AA32/Z32 -> 1 | AC32: =RIGHT(A32,1) -> 6 | AD32: =Y32/U32-1 -> #DIV/0! | AE32: =Q32/118%-Y32 -> 12754.347 | AF32: =AE32/(Q32/1.18) -> 1 | AG32: {=IFERROR(xlookup(G32,'Old Master'!T:T,'Old Master'!V:V),N32)} -> 0.16 | AH32: =I32*(1-AG32) -> 14531.16 | AI32: =AH32/118%-Y32 -> 12314.542 | AJ32: =AI32/(AH32/118%) -> 1 | AL32: {=iferror(if(isblank(xlookup($G32,'Old Master'!$T:$T,'Old Master'!$W:$W)),AG32,xlookup($G32,'Old Master'!$T:$T,'Old Master'!$W:$W)),AG32)} -> 0.16 | AM32: =(I32-AN32)/I32 -> 0.16185907 | AN32: =mround($I32*(1-AL32),100)-1 -> 14499
A33: SC-CLPILWSET2-S-27x18 | B33: =VALUE(MID(A33, FIND("x",A33,10)+1, FIND("x",A33,FIND("x",A33,10)+1)-FIND("x",A33,10)-1)) -> #VALUE! | C33: =SUBSTITUTE(A33, "x"&TEXT(B33,"0")&"x", "x"&TEXT(B33+2,"0")&"x") -> #VALUE! | D33: SC-A-ZIPILWS2-27x18 | E33: 0 | F33: SC-F-S2CLPILW27x18 | G33: Cloud Pillow | H33: Pillows | I33: 2199 | J33: 0.3 | K33: =ROUND(I33-I33*J33,0) -> 1539 | L33: 0.2 | M33: =ROUND(I33-I33*L33,0) -> 1759 | N33: =1-O33/I33 -> 0.13642565 | O33: 1899 | P33: =1-Q33/I33 -> 0.13642565 | Q33: 1899 | S33: =O33/K33-1 -> 0.23391813 | T33: =iferror(vlookup(A33,COGS!B:C,2,0),0%) -> 0 | U33: =IFERROR(XLOOKUP(A33,COGS!I:I,COGS!J:J), IFERROR(XLOOKUP(C33,COGS!I:I,COGS!J:J),"")) | V33: =M33/1.18 -> 1490.678 | W33: =V33-U33 -> 1490.678 | X33: =W33/V33 -> 1 | Y33: =iferror(xlookup(A33,COGS!$I:$I,COGS!$K:$K),U33*(1+iferror(vlookup(G33,COGS!$R:$U,4,0),15%))) -> 0 | Z33: =O33/118% -> 1609.322 | AA33: =Z33-Y33 -> 1609.322 | AB33: =AA33/Z33 -> 1 | AC33: =RIGHT(A33,1) -> 8 | AD33: =Y33/U33-1 -> #DIV/0! | AG33: {=IFERROR(xlookup(G33,'Old Master'!T:T,'Old Master'!V:V),N33)} -> 0.13642565 | AH33: =I33*(1-AG33) -> 1899 | AI33: =AH33/118%-Y33 -> 1609.322 | AJ33: =AI33/(AH33/118%) -> 1 | AL33: =(I33-AN33)/I33 -> 0.13642565 | AM33: =(I33-AN33)/I33 -> 0.13642565 | AN33: 1899
A34: SC-ORIG-K-72x72x8 | B34: =VALUE(MID(A34, FIND("x",A34,10)+1, FIND("x",A34,FIND("x",A34,10)+1)-FIND("x",A34,10)-1)) -> 72 | C34: =SUBSTITUTE(A34, "x"&TEXT(B34,"0")&"x", "x"&TEXT(B34+2,"0")&"x") -> SC-ORIG-K-72x74x8 | D34: SC-ASF-72x72x8 | E34: SC 72x72x8 | F34: SCP72728 | G34: Original Mattress | H34: Mattress | I34: 20399 | J34: 0.28 | K34: =ROUND(I34-I34*J34,0) -> 14687 | L34: 0.24 | M34: =ROUND(I34-I34*L34,0) -> 15503 | N34: =1-O34/I34 -> 0.19000931 | O34: 16523 | P34: =1-Q34/I34 -> 0.19000931 | Q34: 16523 | S34: =O34/M34-1 -> 0.065793717 | T34: =iferror(vlookup(A34,COGS!B:C,2,0),0%) -> 0 | U34: =IFERROR(XLOOKUP(A34,COGS!I:I,COGS!J:J), IFERROR(XLOOKUP(C34,COGS!I:I,COGS!J:J),"")) | V34: =M34/1.18 -> 13138.136 | W34: =V34-U34 -> 13138.136 | X34: =W34/V34 -> 1 | Y34: =iferror(xlookup(A34,COGS!$I:$I,COGS!$K:$K),U34*(1+iferror(vlookup(G34,COGS!$R:$U,4,0),15%))) -> 0 | Z34: =O34/118% -> 14002.542 | AA34: =Z34-Y34 -> 14002.542 | AB34: =AA34/Z34 -> 1 | AC34: =RIGHT(A34,1) -> 8 | AD34: =Y34/U34-1 -> #DIV/0! | AG34: {=IFERROR(xlookup(G34,'Old Master'!T:T,'Old Master'!V:V),N34)} -> 0.19000931 | AH34: =I34*(1-AG34) -> 16523 | AI34: =AH34/118%-Y34 -> 14002.542 | AJ34: =AI34/(AH34/118%) -> 1 | AL34: {=iferror(if(isblank(xlookup($G34,'Old Master'!$T:$T,'Old Master'!$W:$W)),AG34,xlookup($G34,'Old Master'!$T:$T,'Old Master'!$W:$W)),AG34)} -> 0.19000931 | AM34: =(I34-AN34)/I34 -> 0.19118584 | AN34: =mround($I34*(1-AL34),100)-1 -> 16499
A35: SC-ORIG-D-72x48x6 | B35: =VALUE(MID(A35, FIND("x",A35,10)+1, FIND("x",A35,FIND("x",A35,10)+1)-FIND("x",A35,10)-1)) -> 48 | C35: =SUBSTITUTE(A35, "x"&TEXT(B35,"0")&"x", "x"&TEXT(B35+2,"0")&"x") -> SC-ORIG-D-72x50x6 | D35: SC-ASF-72x48x6 | E35: KB-OOUO-WLU6 | F35: SC72486 | G35: Original Mattress | H35: Mattress | I35: 12799 | J35: 0.28 | K35: =ROUND(I35-I35*J35,0) -> 9215 | L35: 0.24 | M35: =ROUND(I35-I35*L35,0) -> 9727 | N35: =1-O35/I35 -> 0.19001484 | O35: 10367 | P35: =1-Q35/I35 -> 0.19001484 | Q35: 10367 | S35: =O35/M35-1 -> 0.065796237 | T35: =iferror(vlookup(A35,COGS!B:C,2,0),0%) -> 0 | U35: =IFERROR(XLOOKUP(A35,COGS!I:I,COGS!J:J), IFERROR(XLOOKUP(C35,COGS!I:I,COGS!J:J),"")) | V35: =M35/1.18 -> 8243.2203 | W35: =V35-U35 -> 8243.2203 | X35: =W35/V35 -> 1 | Y35: =iferror(xlookup(A35,COGS!$I:$I,COGS!$K:$K),U35*(1+iferror(vlookup(G35,COGS!$R:$U,4,0),15%))) -> 0 | Z35: =O35/118% -> 8785.5932 | AA35: =Z35-Y35 -> 8785.5932 | AB35: =AA35/Z35 -> 1 | AC35: =RIGHT(A35,1) -> 6 | AD35: =Y35/U35-1 -> #DIV/0! | AG35: {=IFERROR(xlookup(G35,'Old Master'!T:T,'Old Master'!V:V),N35)} -> 0.19001484 | AH35: =I35*(1-AG35) -> 10367 | AI35: =AH35/118%-Y35 -> 8785.5932 | AJ35: =AI35/(AH35/118%) -> 1 | AL35: {=iferror(if(isblank(xlookup($G35,'Old Master'!$T:$T,'Old Master'!$W:$W)),AG35,xlookup($G35,'Old Master'!$T:$T,'Old Master'!$W:$W)),AG35)} -> 0.19001484 | AM35: =(I35-AN35)/I35 -> 0.18751465 | AN35: =mround($I35*(1-AL35),100)-1 -> 10399
A36: SC-ULTM-K-78x72x10 | B36: =VALUE(MID(A36, FIND("x",A36,10)+1, FIND("x",A36,FIND("x",A36,10)+1)-FIND("x",A36,10)-1)) -> 72 | C36: =SUBSTITUTE(A36, "x"&TEXT(B36,"0")&"x", "x"&TEXT(B36+2,"0")&"x") -> SC-ULTM-K-78x74x10 | D36: SC-ASF-ULTM-K-78x72x10 | E36: SC-ULTM-K-78x72x10 | F36: SC-ULTM-K-78x72x10 | G36: Ultima Mattress | H36: Mattress | I36: 29999 | J36: 0.25 | K36: =ROUND(I36-I36*J36,0) -> 22499 | L36: 0.22 | M36: =ROUND(I36-I36*L36,0) -> 23399 | N36: =1-O36/I36 -> 0.10000333 | O36: 26999 | P36: =1-Q36/I36 -> 0.10000333 | Q36: 26999 | S36: =O36/M36-1 -> 0.15385273 | T36: =iferror(vlookup(A36,COGS!B:C,2,0),0%) -> 0 | U36: =IFERROR(XLOOKUP(A36,COGS!I:I,COGS!J:J), IFERROR(XLOOKUP(C36,COGS!I:I,COGS!J:J),"")) | V36: =M36/1.18 -> 19829.661 | W36: =V36-U36 -> 19829.661 | X36: =W36/V36 -> 1 | Y36: =iferror(xlookup(A36,COGS!$I:$I,COGS!$K:$K),U36*(1+iferror(vlookup(G36,COGS!$R:$U,4,0),15%))) -> 0 | Z36: =O36/118% -> 22880.508 | AA36: =Z36-Y36 -> 22880.508 | AB36: =AA36/Z36 -> 1 | AC36: =RIGHT(A36,1) -> 0 | AD36: =Y36/U36-1 -> #DIV/0! | AG36: {=IFERROR(xlookup(G36,'Old Master'!T:T,'Old Master'!V:V),N36)} -> 0.10000333 | AH36: =I36*(1-AG36) -> 26999 | AI36: =AH36/118%-Y36 -> 22880.508 | AJ36: =AI36/(AH36/118%) -> 1 | AL36: {=iferror(if(isblank(xlookup($G36,'Old Master'!$T:$T,'Old Master'!$W:$W)),AG36,xlookup($G36,'Old Master'!$T:$T,'Old Master'!$W:$W)),AG36)} -> 0.10000333 | AM36: =(I36-AN36)/I36 -> 0.10000333 | AN36: =mround($I36*(1-AL36),100)-1 -> 26999
A37: SC-MFPILW-BAM-C-25x16 | B37: =VALUE(MID(A37, FIND("x",A37,10)+1, FIND("x",A37,FIND("x",A37,10)+1)-FIND("x",A37,10)-1)) -> #VALUE! | C37: =SUBSTITUTE(A37, "x"&TEXT(B37,"0")&"x", "x"&TEXT(B37+2,"0")&"x") -> #VALUE! | D37: SC-ASF-CONMFPILW-BAM-25x16 | E37: SC-A-CONMFPILW-BAM-25x16 | F37: SC-MFPILW-BAM-C-25x16 | G37: Contour Bamboo MF Pillow | H37: Pillows | I37: 1989 | J37: 0.49773756 | K37: =ROUND(I37-I37*J37,0) -> 999 | L37: 0.49773756 | M37: =ROUND(I37-I37*L37,0) -> 999 | N37: =1-O37/I37 -> 0.49773756 | O37: 999 | P37: =1-Q37/I37 -> 0.49773756 | Q37: 999 | S37: =O37/K37-1 -> 0 | T37: =iferror(vlookup(A37,COGS!B:C,2,0),0%) -> 0 | U37: =IFERROR(XLOOKUP(A37,COGS!I:I,COGS!J:J), IFERROR(XLOOKUP(C37,COGS!I:I,COGS!J:J),"")) | V37: =M37/1.18 -> 846.61017 | W37: =V37-U37 -> 846.61017 | X37: =W37/V37 -> 1 | Y37: =iferror(xlookup(A37,COGS!$I:$I,COGS!$K:$K),U37*(1+iferror(vlookup(G37,COGS!$R:$U,4,0),15%))) -> 0 | Z37: =O37/118% -> 846.61017 | AA37: =Z37-Y37 -> 846.61017 | AB37: =AA37/Z37 -> 1 | AC37: =RIGHT(A37,1) -> 6 | AD37: =Y37/U37-1 -> #DIV/0! | AG37: {=IFERROR(xlookup(G37,'Old Master'!T:T,'Old Master'!V:V),N37)} -> 0.49773756 | AH37: =I37*(1-AG37) -> 999 | AI37: =AH37/118%-Y37 -> 846.61017 | AJ37: =AI37/(AH37/118%) -> 1 | AL37: =(I37-AN37)/I37 -> 0.49773756 | AM37: =(I37-AN37)/I37 -> 0.49773756 | AN37: 999
A38: SC-ULTM-LATEX-K-72x72x8 | B38: =VALUE(MID(A38, FIND("x",A38,10)+1, FIND("x",A38,FIND("x",A38,10)+1)-FIND("x",A38,10)-1)) -> 72 | C38: =SUBSTITUTE(A38, "x"&TEXT(B38,"0")&"x", "x"&TEXT(B38+2,"0")&"x") -> SC-ULTM-LATEX-K-72x74x8 | D38: SC-FLEX-ULTM-LATEX-K-72x72x8 | E38: SC-A-ULTM-LATEX-K-72x72x8 | F38: SC-F-ULTM-LATEX-K-72x72x8 | G38: Ultima Latex Mattress | H38: Mattress | I38: 34999 | J38: 0.23 | K38: =ROUND(I38-I38*J38,0) -> 26949 | L38: 0.18 | M38: =ROUND(I38-I38*L38,0) -> 28699 | N38: =1-O38/I38 -> 0.10000286 | O38: 31499 | P38: =1-Q38/I38 -> 0.10000286 | Q38: 31499 | S38: =O38/M38-1 -> 0.097564375 | T38: =iferror(vlookup(A38,COGS!B:C,2,0),0%) -> 0 | U38: =IFERROR(XLOOKUP(A38,COGS!I:I,COGS!J:J), IFERROR(XLOOKUP(C38,COGS!I:I,COGS!J:J),"")) | V38: =M38/1.18 -> 24321.186 | W38: =V38-U38 -> 24321.186 | X38: =W38/V38 -> 1 | Y38: =iferror(xlookup(A38,COGS!$I:$I,COGS!$K:$K),U38*(1+iferror(vlookup(G38,COGS!$R:$U,4,0),15%))) -> 0 | Z38: =O38/118% -> 26694.068 | AA38: =Z38-Y38 -> 26694.068 | AB38: =AA38/Z38 -> 1 | AC38: =RIGHT(A38,1) -> 8 | AD38: =Y38/U38-1 -> #DIV/0! | AG38: {=IFERROR(xlookup(G38,'Old Master'!T:T,'Old Master'!V:V),N38)} -> 0.10000286 | AH38: =I38*(1-AG38) -> 31499 | AI38: =AH38/118%-Y38 -> 26694.068 | AJ38: =AI38/(AH38/118%) -> 1 | AL38: {=iferror(if(isblank(xlookup($G38,'Old Master'!$T:$T,'Old Master'!$W:$W)),AG38,xlookup($G38,'Old Master'!$T:$T,'Old Master'!$W:$W)),AG38)} -> 0.10000286 | AM38: =(I38-AN38)/I38 -> 0.10000286 | AN38: =mround($I38*(1-AL38),100)-1 -> 31499
A39: SC-ORIG-Q-75x60x6 | B39: =VALUE(MID(A39, FIND("x",A39,10)+1, FIND("x",A39,FIND("x",A39,10)+1)-FIND("x",A39,10)-1)) -> 60 | C39: =SUBSTITUTE(A39, "x"&TEXT(B39,"0")&"x", "x"&TEXT(B39+2,"0")&"x") -> SC-ORIG-Q-75x62x6 | D39: SC-ASF-75x60x6 | E39: SC190/152 | F39: SC75606 | G39: Original Mattress | H39: Mattress | I39: 15999 | J39: 0.28 | K39: =ROUND(I39-I39*J39,0) -> 11519 | L39: 0.24 | M39: =ROUND(I39-I39*L39,0) -> 12159 | N39: =1-O39/I39 -> 0.19001188 | O39: 12959 | P39: =1-Q39/I39 -> 0.19001188 | Q39: 12959 | S39: =O39/M39-1 -> 0.065794884 | T39: =iferror(vlookup(A39,COGS!B:C,2,0),0%) -> 0 | U39: =IFERROR(XLOOKUP(A39,COGS!I:I,COGS!J:J), IFERROR(XLOOKUP(C39,COGS!I:I,COGS!J:J),"")) | V39: =M39/1.18 -> 10304.237 | W39: =V39-U39 -> 10304.237 | X39: =W39/V39 -> 1 | Y39: =iferror(xlookup(A39,COGS!$I:$I,COGS!$K:$K),U39*(1+iferror(vlookup(G39,COGS!$R:$U,4,0),15%))) -> 0 | Z39: =O39/118% -> 10982.203 | AA39: =Z39-Y39 -> 10982.203 | AB39: =AA39/Z39 -> 1 | AC39: =RIGHT(A39,1) -> 6 | AD39: =Y39/U39-1 -> #DIV/0! | AG39: {=IFERROR(xlookup(G39,'Old Master'!T:T,'Old Master'!V:V),N39)} -> 0.19001188 | AH39: =I39*(1-AG39) -> 12959 | AI39: =AH39/118%-Y39 -> 10982.203 | AJ39: =AI39/(AH39/118%) -> 1 | AL39: {=iferror(if(isblank(xlookup($G39,'Old Master'!$T:$T,'Old Master'!$W:$W)),AG39,xlookup($G39,'Old Master'!$T:$T,'Old Master'!$W:$W)),AG39)} -> 0.19001188 | AM39: =(I39-AN39)/I39 -> 0.18751172 | AN39: =mround($I39*(1-AL39),100)-1 -> 12999
A40: SC-ULTM-Q-75x60x8 | B40: =VALUE(MID(A40, FIND("x",A40,10)+1, FIND("x",A40,FIND("x",A40,10)+1)-FIND("x",A40,10)-1)) -> 60 | C40: =SUBSTITUTE(A40, "x"&TEXT(B40,"0")&"x", "x"&TEXT(B40+2,"0")&"x") -> SC-ULTM-Q-75x62x8 | D40: 0 | E40: SC-ULTM-Q-75x60x8 | F40: SC-ULTM-Q-75x60x8 | G40: Ultima Mattress | H40: Mattress | I40: 22999 | J40: 0.25 | K40: =ROUND(I40-I40*J40,0) -> 17249 | L40: 0.22 | M40: =ROUND(I40-I40*L40,0) -> 17939 | N40: =1-O40/I40 -> 0.10000435 | O40: 20699 | P40: =1-Q40/I40 -> 0.10000435 | Q40: 20699 | S40: =O40/M40-1 -> 0.15385473 | T40: =iferror(vlookup(A40,COGS!B:C,2,0),0%) -> 0 | U40: =IFERROR(XLOOKUP(A40,COGS!I:I,COGS!J:J), IFERROR(XLOOKUP(C40,COGS!I:I,COGS!J:J),"")) | V40: =M40/1.18 -> 15202.542 | W40: =V40-U40 -> 15202.542 | X40: =W40/V40 -> 1 | Y40: =iferror(xlookup(A40,COGS!$I:$I,COGS!$K:$K),U40*(1+iferror(vlookup(G40,COGS!$R:$U,4,0),15%))) -> 0 | Z40: =O40/118% -> 17541.525 | AA40: =Z40-Y40 -> 17541.525 | AB40: =AA40/Z40 -> 1 | AC40: =RIGHT(A40,1) -> 8 | AD40: =Y40/U40-1 -> #DIV/0! | AG40: {=IFERROR(xlookup(G40,'Old Master'!T:T,'Old Master'!V:V),N40)} -> 0.10000435 | AH40: =I40*(1-AG40) -> 20699 | AI40: =AH40/118%-Y40 -> 17541.525 | AJ40: =AI40/(AH40/118%) -> 1 | AL40: {=iferror(if(isblank(xlookup($G40,'Old Master'!$T:$T,'Old Master'!$W:$W)),AG40,xlookup($G40,'Old Master'!$T:$T,'Old Master'!$W:$W)),AG40)} -> 0.10000435 | AM40: =(I40-AN40)/I40 -> 0.10000435 | AN40: =mround($I40*(1-AL40),100)-1 -> 20699
A41: SC-HYB-LATEX-D-72x48x6 | B41: =VALUE(MID(A41, FIND("x",A41,10)+1, FIND("x",A41,FIND("x",A41,10)+1)-FIND("x",A41,10)-1)) -> 48 | C41: =SUBSTITUTE(A41, "x"&TEXT(B41,"0")&"x", "x"&TEXT(B41+2,"0")&"x") -> SC-HYB-LATEX-D-72x50x6 | D41: SC-ASF-HYB-LATEX-D-72x48x6 | E41: 0 | F41: SC-F-HYB-LATEX-D-72x48x6 | G41: Hybrid Latex Mattress | H41: Mattress | I41: 13899 | J41: 0.25 | K41: =ROUND(I41-I41*J41,0) -> 10424 | L41: 0.2 | M41: =ROUND(I41-I41*L41,0) -> 11119 | N41: 0.16 | O41: =I41*(1-N41) -> 11675.16 | P41: 0.13 | Q41: =I41*(1-P41) -> 12092.13 | R41: =Q41/M41-1 -> 0.087519561 | S41: =O41/M41-1 -> 0.050018887 | T41: =iferror(vlookup(A41,COGS!B:C,2,0),0%) -> 0 | U41: =IFERROR(XLOOKUP(A41,COGS!I:I,COGS!J:J), IFERROR(XLOOKUP(C41,COGS!I:I,COGS!J:J),"")) | V41: =M41/1.18 -> 9422.8814 | W41: =V41-U41 -> 9422.8814 | X41: =W41/V41 -> 1 | Y41: =iferror(xlookup(A41,COGS!$I:$I,COGS!$K:$K),U41*(1+iferror(vlookup(G41,COGS!$R:$U,4,0),15%))) -> 0 | Z41: =O41/118% -> 9894.2034 | AA41: =Z41-Y41 -> 9894.2034 | AB41: =AA41/Z41 -> 1 | AC41: =RIGHT(A41,1) -> 6 | AD41: =Y41/U41-1 -> #DIV/0! | AE41: =Q41/118%-Y41 -> 10247.568 | AF41: =AE41/(Q41/1.18) -> 1 | AG41: {=IFERROR(xlookup(G41,'Old Master'!T:T,'Old Master'!V:V),N41)} -> 0.16 | AH41: =I41*(1-AG41) -> 11675.16 | AI41: =AH41/118%-Y41 -> 9894.2034 | AJ41: =AI41/(AH41/118%) -> 1 | AL41: {=iferror(if(isblank(xlookup($G41,'Old Master'!$T:$T,'Old Master'!$W:$W)),AG41,xlookup($G41,'Old Master'!$T:$T,'Old Master'!$W:$W)),AG41)} -> 0.16 | AM41: =(I41-AN41)/I41 -> 0.15828477 | AN41: =mround($I41*(1-AL41),100)-1 -> 11699
A42: SC-LTx-ORTHO-K-78x72x6 | B42: =VALUE(MID(A42, FIND("x",A42,10)+1, FIND("x",A42,FIND("x",A42,10)+1)-FIND("x",A42,10)-1)) -> 72 | C42: =SUBSTITUTE(A42, "x"&TEXT(B42,"0")&"x", "x"&TEXT(B42+2,"0")&"x") -> SC-LTx-ORTHO-K-78x74x6 | D42: SC-ASF-LTX-ORTHO-K-78X72X6 | E42: 0 | F42: SC-F-LTX-ORTHO-K-78X72X6 | G42: Latex Ortho Mattress | H42: Mattress | I42: 24299 | J42: 0.23 | K42: =ROUND(I42-I42*J42,0) -> 18710 | L42: 0.2 | M42: =ROUND(I42-I42*L42,0) -> 19439 | N42: =1-O42/I42 -> 0.32593522 | O42: 16379.1 | P42: 0.1 | Q42: =I42*(1-P42) -> 21869.1 | S42: =O42/M42-1 -> -0.15741036 | T42: =iferror(vlookup(A42,COGS!B:C,2,0),0%) -> 0 | U42: =IFERROR(XLOOKUP(A42,COGS!I:I,COGS!J:J), IFERROR(XLOOKUP(C42,COGS!I:I,COGS!J:J),"")) | V42: =M42/1.18 -> 16473.729 | W42: =V42-U42 -> 16473.729 | X42: =W42/V42 -> 1 | Y42: =iferror(xlookup(A42,COGS!$I:$I,COGS!$K:$K),U42*(1+iferror(vlookup(G42,COGS!$R:$U,4,0),15%))) -> 0 | Z42: =O42/118% -> 13880.593 | AA42: =Z42-Y42 -> 13880.593 | AB42: =AA42/Z42 -> 1 | AC42: =RIGHT(A42,1) -> 6 | AD42: =Y42/U42-1 -> #DIV/0! | AG42: {=IFERROR(xlookup(G42,'Old Master'!T:T,'Old Master'!V:V),N42)} -> 0.32593522 | AH42: =I42*(1-AG42) -> 16379.1 | AI42: =AH42/118%-Y42 -> 13880.593 | AJ42: =AI42/(AH42/118%) -> 1 | AL42: {=iferror(if(isblank(xlookup($G42,'Old Master'!$T:$T,'Old Master'!$W:$W)),AG42,xlookup($G42,'Old Master'!$T:$T,'Old Master'!$W:$W)),AG42)} -> 0.32593522 | AM42: =(I42-AN42)/I42 -> 0.32511626 | AN42: =mround($I42*(1-AL42),100)-1 -> 16399
A43: SC-ORIG-K-75x72x6 | B43: =VALUE(MID(A43, FIND("x",A43,10)+1, FIND("x",A43,FIND("x",A43,10)+1)-FIND("x",A43,10)-1)) -> 72 | C43: =SUBSTITUTE(A43, "x"&TEXT(B43,"0")&"x", "x"&TEXT(B43+2,"0")&"x") -> SC-ORIG-K-75x74x6 | D43: SC-FLEX-ORIG-K-75x72x6 | E43: SC190/182 | F43: SC75726 | G43: Original Mattress | H43: Mattress | I43: 18199 | J43: 0.28 | K43: =ROUND(I43-I43*J43,0) -> 13103 | L43: 0.24 | M43: =ROUND(I43-I43*L43,0) -> 13831 | N43: =1-O43/I43 -> 0.19001044 | O43: 14741 | P43: =1-Q43/I43 -> 0.19001044 | Q43: 14741 | S43: =O43/M43-1 -> 0.06579423 | T43: =iferror(vlookup(A43,COGS!B:C,2,0),0%) -> 0 | U43: =IFERROR(XLOOKUP(A43,COGS!I:I,COGS!J:J), IFERROR(XLOOKUP(C43,COGS!I:I,COGS!J:J),"")) | V43: =M43/1.18 -> 11721.186 | W43: =V43-U43 -> 11721.186 | X43: =W43/V43 -> 1 | Y43: =iferror(xlookup(A43,COGS!$I:$I,COGS!$K:$K),U43*(1+iferror(vlookup(G43,COGS!$R:$U,4,0),15%))) -> 0 | Z43: =O43/118% -> 12492.373 | AA43: =Z43-Y43 -> 12492.373 | AB43: =AA43/Z43 -> 1 | AC43: =RIGHT(A43,1) -> 6 | AD43: =Y43/U43-1 -> #DIV/0! | AG43: {=IFERROR(xlookup(G43,'Old Master'!T:T,'Old Master'!V:V),N43)} -> 0.19001044 | AH43: =I43*(1-AG43) -> 14741 | AI43: =AH43/118%-Y43 -> 12492.373 | AJ43: =AI43/(AH43/118%) -> 1 | AL43: {=iferror(if(isblank(xlookup($G43,'Old Master'!$T:$T,'Old Master'!$W:$W)),AG43,xlookup($G43,'Old Master'!$T:$T,'Old Master'!$W:$W)),AG43)} -> 0.19001044 | AM43: =(I43-AN43)/I43 -> 0.19231826 | AN43: =mround($I43*(1-AL43),100)-1 -> 14699
A44: SC-ORIG-K-75x72x8 | B44: =VALUE(MID(A44, FIND("x",A44,10)+1, FIND("x",A44,FIND("x",A44,10)+1)-FIND("x",A44,10)-1)) -> 72 | C44: =SUBSTITUTE(A44, "x"&TEXT(B44,"0")&"x", "x"&TEXT(B44+2,"0")&"x") -> SC-ORIG-K-75x74x8 | D44: SC-ASF-75x72x8 | E44: SC 75x72x8 | F44: SCP75728 | G44: Original Mattress | H44: Mattress | I44: 20899 | J44: 0.28 | K44: =ROUND(I44-I44*J44,0) -> 15047 | L44: 0.24 | M44: =ROUND(I44-I44*L44,0) -> 15883 | N44: =1-O44/I44 -> 0.19000909 | O44: 16928 | P44: =1-Q44/I44 -> 0.19000909 | Q44: 16928 | S44: =O44/M44-1 -> 0.065793616 | T44: =iferror(vlookup(A44,COGS!B:C,2,0),0%) -> 0 | U44: =IFERROR(XLOOKUP(A44,COGS!I:I,COGS!J:J), IFERROR(XLOOKUP(C44,COGS!I:I,COGS!J:J),"")) | V44: =M44/1.18 -> 13460.169 | W44: =V44-U44 -> 13460.169 | X44: =W44/V44 -> 1 | Y44: =iferror(xlookup(A44,COGS!$I:$I,COGS!$K:$K),U44*(1+iferror(vlookup(G44,COGS!$R:$U,4,0),15%))) -> 0 | Z44: =O44/118% -> 14345.763 | AA44: =Z44-Y44 -> 14345.763 | AB44: =AA44/Z44 -> 1 | AC44: =RIGHT(A44,1) -> 8 | AD44: =Y44/U44-1 -> #DIV/0! | AG44: {=IFERROR(xlookup(G44,'Old Master'!T:T,'Old Master'!V:V),N44)} -> 0.19000909 | AH44: =I44*(1-AG44) -> 16928 | AI44: =AH44/118%-Y44 -> 14345.763 | AJ44: =AI44/(AH44/118%) -> 1 | AL44: {=iferror(if(isblank(xlookup($G44,'Old Master'!$T:$T,'Old Master'!$W:$W)),AG44,xlookup($G44,'Old Master'!$T:$T,'Old Master'!$W:$W)),AG44)} -> 0.19000909 | AM44: =(I44-AN44)/I44 -> 0.19139672 | AN44: =mround($I44*(1-AL44),100)-1 -> 16899
A45: SC-HYB-LATEX-D-72x48x8 | B45: =VALUE(MID(A45, FIND("x",A45,10)+1, FIND("x",A45,FIND("x",A45,10)+1)-FIND("x",A45,10)-1)) -> 48 | C45: =SUBSTITUTE(A45, "x"&TEXT(B45,"0")&"x", "x"&TEXT(B45+2,"0")&"x") -> SC-HYB-LATEX-D-72x50x8 | D45: SC-ASF-HYB-LATEX-D-72x48x8 | E45: SC-A-HYB-LATEX-D-72x48x8 | F45: SC-F-HYB-LATEX-D-72x48x8 | G45: Hybrid Latex Mattress | H45: Mattress | I45: 16199 | J45: 0.25 | K45: =ROUND(I45-I45*J45,0) -> 12149 | L45: 0.2 | M45: =ROUND(I45-I45*L45,0) -> 12959 | N45: 0.16 | O45: =I45*(1-N45) -> 13607.16 | P45: 0.13 | Q45: =I45*(1-P45) -> 14093.13 | R45: =Q45/M45-1 -> 0.087516784 | S45: =O45/M45-1 -> 0.050016205 | T45: =iferror(vlookup(A45,COGS!B:C,2,0),0%) -> 0 | U45: =IFERROR(XLOOKUP(A45,COGS!I:I,COGS!J:J), IFERROR(XLOOKUP(C45,COGS!I:I,COGS!J:J),"")) | V45: =M45/1.18 -> 10982.203 | W45: =V45-U45 -> 10982.203 | X45: =W45/V45 -> 1 | Y45: =iferror(xlookup(A45,COGS!$I:$I,COGS!$K:$K),U45*(1+iferror(vlookup(G45,COGS!$R:$U,4,0),15%))) -> 0 | Z45: =O45/118% -> 11531.492 | AA45: =Z45-Y45 -> 11531.492 | AB45: =AA45/Z45 -> 1 | AC45: =RIGHT(A45,1) -> 8 | AD45: =Y45/U45-1 -> #DIV/0! | AE45: =Q45/118%-Y45 -> 11943.331 | AF45: =AE45/(Q45/1.18) -> 1 | AG45: {=IFERROR(xlookup(G45,'Old Master'!T:T,'Old Master'!V:V),N45)} -> 0.16 | AH45: =I45*(1-AG45) -> 13607.16 | AI45: =AH45/118%-Y45 -> 11531.492 | AJ45: =AI45/(AH45/118%) -> 1 | AL45: {=iferror(if(isblank(xlookup($G45,'Old Master'!$T:$T,'Old Master'!$W:$W)),AG45,xlookup($G45,'Old Master'!$T:$T,'Old Master'!$W:$W)),AG45)} -> 0.16 | AM45: =(I45-AN45)/I45 -> 0.16050373 | AN45: =mround($I45*(1-AL45),100)-1 -> 13599
A46: SC-HYB-LATEX-K-75x72x6 | B46: =VALUE(MID(A46, FIND("x",A46,10)+1, FIND("x",A46,FIND("x",A46,10)+1)-FIND("x",A46,10)-1)) -> 72 | C46: =SUBSTITUTE(A46, "x"&TEXT(B46,"0")&"x", "x"&TEXT(B46+2,"0")&"x") -> SC-HYB-LATEX-K-75x74x6 | D46: SC-FLEX1-HYB-LATEX-K-75x72x6 | E46: 0 | F46: SC-F-HYB-LATEX-K-75x72x6 | G46: Hybrid Latex Mattress | H46: Mattress | I46: 19999 | J46: 0.25 | K46: =ROUND(I46-I46*J46,0) -> 14999 | L46: 0.2 | M46: =ROUND(I46-I46*L46,0) -> 15999 | N46: 0.16 | O46: =I46*(1-N46) -> 16799.16 | P46: 0.13 | Q46: =I46*(1-P46) -> 17399.13 | R46: =Q46/M46-1 -> 0.087513595 | S46: =O46/M46-1 -> 0.050013126 | T46: =iferror(vlookup(A46,COGS!B:C,2,0),0%) -> 0 | U46: =IFERROR(XLOOKUP(A46,COGS!I:I,COGS!J:J), IFERROR(XLOOKUP(C46,COGS!I:I,COGS!J:J),"")) | V46: =M46/1.18 -> 13558.475 | W46: =V46-U46 -> 13558.475 | X46: =W46/V46 -> 1 | Y46: =iferror(xlookup(A46,COGS!$I:$I,COGS!$K:$K),U46*(1+iferror(vlookup(G46,COGS!$R:$U,4,0),15%))) -> 0 | Z46: =O46/118% -> 14236.576 | AA46: =Z46-Y46 -> 14236.576 | AB46: =AA46/Z46 -> 1 | AC46: =RIGHT(A46,1) -> 6 | AD46: =Y46/U46-1 -> #DIV/0! | AE46: =Q46/118%-Y46 -> 14745.025 | AF46: =AE46/(Q46/1.18) -> 1 | AG46: {=IFERROR(xlookup(G46,'Old Master'!T:T,'Old Master'!V:V),N46)} -> 0.16 | AH46: =I46*(1-AG46) -> 16799.16 | AI46: =AH46/118%-Y46 -> 14236.576 | AJ46: =AI46/(AH46/118%) -> 1 | AL46: {=iferror(if(isblank(xlookup($G46,'Old Master'!$T:$T,'Old Master'!$W:$W)),AG46,xlookup($G46,'Old Master'!$T:$T,'Old Master'!$W:$W)),AG46)} -> 0.16 | AM46: =(I46-AN46)/I46 -> 0.160008 | AN46: =mround($I46*(1-AL46),100)-1 -> 16799
